daily_revenue,restock_frequency,restock_amount,pos_sales_consistency,supplier_payment_delay,revenue_volatility,months_operating,credit_score
116545.49518628257,17.85463937612944,216249.4913443304,0.4554763784417377,16.779640009602286,1.0950561606673361,124.81770120052667,503
66954.00908330374,9.92778984287419,110349.10078950248,0.11885798957022997,26.931922089111744,1.081294754138272,85.5185072393558,479
129072.4921468846,20.05950323120207,256301.01744523057,0.5691734267387764,8.341754071534528,0.3439077950708201,18.93834346273683,608
105210.46830078585,14.015891794354735,76088.26227761961,0.15642882803336522,0.7793267983968244,0.10315032299394383,237.8423046625798,612
15938.247487372131,3.3179773063849884,163826.0795755543,0.06095833389785599,23.269650110517652,0.4905093066202504,42.770920687286576,500
146392.10804223988,18.701859764536014,59321.06905900883,0.4986678334288609,21.071329799159155,0.2778476420454787,62.01872551927447,624
114648.67589457224,10.785303816615956,151113.6818338234,0.655373450046628,16.36474937022581,0.6238932948627564,57.383867236213646,643
118337.51718098916,3.8327793594580997,49977.62014862393,0.854147306406393,24.460281891876377,1.4700518727712761,217.99799619788305,611
20960.817635980788,4.053802676828415,52665.694189598966,0.7828355539543036,25.202531179443977,0.31255348781257036,183.52152586092376,636
68657.11880854394,14.750678702197437,185605.89622739464,0.8572405127565482,17.637099240545215,0.512367217963305,110.30182206600145,628
56878.107586422026,1.9474501345897957,82816.88244185118,0.7600687708208905,28.977833755618107,1.10141575866338,229.34610511449432,606
139161.21834959308,6.7318752982762655,55848.331836452955,0.7032393969061393,21.59135842851982,0.7883150351497864,13.615228007959574,632
97292.03777193835,3.795751809397362,279281.63378984656,0.010137569140699632,20.30626128487886,0.11369580818140815,214.58722111197486,605
123768.71876408283,9.821548592345685,17685.958968315066,0.6261023118092105,10.842653776759361,0.28445052633391643,15.442133229470041,606
67625.301426445,9.287075439887225,171718.6932452867,0.12048180413911769,0.06775735800022997,1.4061118544211342,94.48023632836073,514
35631.33082414698,11.437528693777118,166737.83334081326,0.05866713233254106,7.22828021682534,0.19958923947159124,13.90716593198104,522
84078.54847834355,6.592726582050604,78929.61794890264,0.1564121521056554,22.917615204438896,0.9708845414540733,239.75358903008677,531
11444.953903417949,1.640871787563544,138567.66480828126,0.8232921614417502,21.296137633115222,1.1988721908193216,219.5390910976438,622
124489.41345490214,13.287722130703715,30882.646009377462,0.7438493931000214,9.930664344902825,0.43488664095113966,140.76695030384926,695
95486.3310700656,8.474360057647027,217774.69304754626,0.9487724052052123,18.767489236153164,1.1013631045511005,53.06485318558068,638
114196.98553263533,14.026699974800929,70400.65877116285,0.9789762586504105,5.8586243841941155,0.29634800959376134,67.14987632219515,688
54469.843283220514,3.173339416085369,62048.681148833995,0.8932839863739821,7.908831578071322,0.462887898508996,108.44086448765175,703
145663.30761044568,1.2755471058810066,97889.1510918634,0.13292605097699917,28.4222428170749,0.5021419447821008,78.14446361567063,545
134181.92595568526,5.965884957705855,271199.1264776269,0.8783827409249804,12.395417188067835,1.4948307363181241,6.0940233989508314,569
117200.75756691676,10.130946459881045,239957.66124364507,0.8386371347886453,7.349627828965636,0.36112982806603805,157.84518593999516,708
30806.528762091202,8.881439483369345,284333.2258844585,0.8710858598596973,14.613247405169744,0.23735082371869826,147.609269078299,717
71074.70855160106,17.206051105469328,197328.8920797602,0.15168561711649142,11.610476393620985,1.392252584348045,217.13025806930295,437
8482.957336509859,8.556752883856479,200561.84575446584,0.11679182777331754,21.88587112047317,0.2847995060395115,114.96811558520265,513
24834.84482599708,11.608823592061578,146609.144830734,0.9238088795840816,28.86348319472643,1.3249558834626378,83.3854418698147,534
103091.24507988329,12.870311848843844,272029.96539325773,0.17382664913450452,17.752122733730754,0.9931621100877005,123.2526067173463,506
112224.79907435694,1.436627832916232,155708.75903474705,0.3686217310426012,17.73441560810745,0.8864491722022523,47.53210282410567,552
145191.4404002631,11.30266753692378,109742.72088453227,0.45598484949406026,10.945015761704491,1.1394411317425364,150.50414408612394,551
50222.15300444649,7.896625187976757,193910.62792571122,0.12444252782956444,16.938927959258862,1.1026984878646726,185.03785898684862,471
56828.036493160595,9.425602553665092,166111.1505532842,0.02063428803254741,9.579865991614145,0.21026297465655486,37.67734949679042,563
71494.26006881957,3.005747969905005,41585.84551641916,0.9940904697671161,0.032762229370257856,1.4992258600896993,77.09358901484367,642
30041.761144474283,16.656411312972907,120853.99710416672,0.8766572448349611,25.98288518635455,1.4157401033506565,208.4044340685693,527
21228.382789649804,19.84808501617045,97430.99627287159,0.9123379293506373,12.883322565651156,1.3500583461497786,121.82208792348344,595
72404.32908143819,1.4453764125920001,254815.96362828388,0.2845630692721185,14.762654551619901,0.95231924421649,128.10895855593367,550
35582.58365953085,13.027455256226958,116758.55430706708,0.22010157274543907,2.5050274627778455,0.8080474304318556,173.65555909575102,557
101132.47121301154,16.276881345767162,247358.79362847333,0.4258665581754266,25.11331540216176,0.827603946628419,139.11638283789705,546
66698.48399310495,6.696151772997789,135504.93020077894,0.45331936897800684,5.1101121113277115,0.07165856913093704,17.629564569642778,661
125236.37301655994,16.751111697264335,227282.66621645496,0.005599438864240636,12.318634763529477,0.7742307778208922,193.14684913526554,483
105639.23509633286,13.647101015326026,44908.168910801025,0.7792531125598329,25.20796641191644,0.9544658731068838,221.5578129023838,587
48230.262924542076,19.5832526454214,277771.8147992464,0.9966670381420173,13.733488206405585,1.0051240027236752,13.73325868480412,579
125174.45060648976,20.620096227075457,146765.16778568088,0.5286908701020894,27.93457006399391,0.5316022243244038,29.978691793354685,563
121105.12490952667,1.846922279974096,81640.48245976039,0.38825869501245125,6.279429102620691,0.7333594079256468,168.77207332758783,633
59346.80009646582,9.898755220540124,76239.43387761802,0.3927518932212033,21.45698489864314,0.972650379660733,145.4692698709716,518
44672.559381676125,11.939755751564364,83197.80012961672,0.09607713217210068,29.339955706851825,0.6710429898990135,92.42156275424726,464
103009.33458829638,3.9348646641530496,113183.63101080045,0.26616181836401176,16.488409116609326,1.4450960385261116,129.88042709674878,536
22683.36757417785,7.725716608547234,216668.26213930693,0.5021327886346312,20.765516959319786,1.0728910592854004,169.09791775225304,557
31586.41396631603,20.752948955129234,285132.8976557341,0.43184800113469735,11.796799788030253,0.05184693206379122,121.56987438954211,552
3089.615923148816,1.3246091268494289,202366.04188647147,0.5450347457431102,22.540120191764068,0.08375524814926685,34.50500958792016,595
118464.80787031648,10.050158630487681,166414.04992850972,0.8490656486374066,27.266221695711874,1.0509352950291428,22.375210962856354,580
100397.92677562076,17.853092434363923,137336.35336505473,0.22524230269961198,21.091667011515874,0.648335391440979,105.88723771002323,528
106364.4760366976,7.478025254385768,249317.36777609686,0.027664180906311953,28.077861341429376,1.267232876357786,221.56945712587125,468
117547.89659125125,10.595970055103066,255648.87472159063,0.038225445282740744,17.65957955976929,0.30087234375507993,134.30922275533,547
69919.53477967432,20.5609149157596,91446.11395768149,0.13416880530685837,17.314123213528887,0.07004902537582319,86.61459649526593,490
86173.69700102827,10.497536729514078,286258.9733527619,0.5704829848044025,9.13882164327466,0.6127194076648829,218.18077451552747,684
22689.9557228933,3.618426242929981,121559.03214588271,0.8081848100379248,21.288824734913575,1.117292951245801,93.8830853267662,590
18950.45088332407,2.0344298333278212,241023.0304115007,0.8868059392806316,26.45857565268466,1.4590052133974745,122.68600894331567,595
100923.6383449898,19.908331448798968,290211.8640342588,0.6351132019749712,19.389486783867937,1.3312981250590303,28.843340020264367,495
71722.23850918362,6.316188265501314,212579.13975240532,0.40314325245089344,6.991176617957489,0.7519081873088513,177.2388259791321,615
85654.94375921595,11.081278131291018,52657.46430310215,0.15451470815614743,16.323273441650596,1.2285850606347315,168.37240675734802,461
115219.83089757178,2.814035321799372,177910.4017763096,0.40141833944347904,22.67812250854245,0.15197916390804037,190.82431429337964,602
95938.31136008743,9.473102411012102,40039.25131319564,0.33241513390778354,28.180899446182586,0.8797949039980808,78.72072390923546,535
83929.75129738338,19.602110385002483,237796.90176133325,0.8700258808571377,4.697881485616619,1.3902326988709817,105.21671935681987,583
84762.65979032121,11.048259872618768,87987.97629279547,0.4867193774106072,3.824912728996818,0.624758463861573,41.233669055000405,604
46984.614513266606,20.422703036046556,210088.37280270547,0.22619589995452882,12.38830590698718,1.4421459130115177,231.51666538706334,435
6561.039516055032,6.176712744747993,273476.4538684087,0.2888010668157799,3.768335083878326,0.3699933902572027,21.57248603048395,553
66634.17360638964,11.090904794078742,58397.905947700856,0.136470164542689,29.412867375153553,0.2031690238234206,156.11417957827894,546
33758.53157729033,18.190615836186506,120893.0623873442,0.9185854490691312,12.729131018476775,0.8109053873184666,169.5565173010795,652
62462.23927124615,9.965047091074876,195900.04248170205,0.05034584623646854,16.008315572037148,1.3655079643727752,38.69901720258414,420
128303.65484368858,6.589747471403792,128799.28487880284,0.012846248555894224,6.812633438783139,0.5013548671798791,88.31224619348707,583
36623.04390807043,18.109507268357632,56571.587779290996,0.18298893352686874,13.473783706107877,1.2102324631284809,11.307249456233503,429
10628.805769981771,8.79778937745218,13576.126179795116,0.8108740179106257,29.540818045836595,0.29533603552640736,134.0293735632072,608
43644.816019255486,11.614465821204682,124946.45239207905,0.5234667866310813,14.660614541009085,1.1310770742013623,238.79021613484616,606
45451.87614946917,20.530541328302913,196516.66284166652,0.6258432873769864,0.2647177741345863,0.857689065011775,103.74250468049597,566
99963.64417958047,4.729665895117278,174325.34140498415,0.3577316754157348,7.275825907518917,0.3037746143218397,237.61196466913182,698
84440.7585465092,7.028012734403713,51091.16572938951,0.06867798554917004,29.353644914355122,1.0912265116845326,31.16787629034204,448
118016.93494774919,1.6213920013967988,137954.56594087905,0.8561581624921681,29.672025402321974,1.0849463645118196,94.79658804100318,618
100318.40396845335,8.836754198201055,113993.95862346957,0.19189427212540744,6.31479269315117,0.7973810822579884,216.56962784158478,617
62145.25549313044,5.003668611697191,85889.70867655297,0.033059200545114686,18.457922635315605,0.3769280745818782,210.53022011613584,565
122475.01693057313,14.600698708157829,220135.0169388148,0.5727041359331937,2.3072499151624335,0.24182614375524497,78.33838711087843,653
26711.992146340177,4.626429175317048,96347.34885801938,0.08328922038460107,17.323249273338874,1.4380198202666945,163.18792952063126,498
5361.38682381135,14.496255048117394,164341.8759382436,0.09576185185983421,3.7776210445931224,1.000928180475775,212.79228100231197,530
15327.08339479498,6.269508563786354,277350.9429045369,0.8003770314825251,24.559845709279735,1.2234001511814068,184.28371441062143,602
108909.18388827464,8.104356682423996,164086.4147648068,0.4916095893179955,28.187249628067335,1.0606072671228504,151.20581106696727,461
70357.83007720533,7.97721304092795,187021.75849736543,0.241508452247143,5.189604241484479,1.252736814528819,37.46557187984539,524
25868.223296973065,15.335035003272187,26607.565919427663,0.34862642335951877,13.88136505784472,0.285611688635939,18.44764352436467,535
76154.62671529781,10.33018526276686,57549.57240381221,0.7292409788431715,3.061289954239025,0.7705778255932144,147.89470097615808,654
24542.191201548925,8.225977977053661,34780.603792943475,0.06635414475660184,10.17420021218925,1.0173309172283254,120.56588409969683,504
105055.41551150494,18.052454380788998,230619.81976497284,0.11648061593320991,1.9529326428157945,0.19991535484806605,57.89076167582476,564
68031.12878495654,12.439012512824053,251596.7188704685,0.6162620349905696,7.936395840522811,0.26743757652619204,70.97198099520689,647
58391.141462279404,5.276616425559956,60004.31149240041,0.6069717344671073,29.706710012679046,0.9692747616638724,94.70883535113701,543
46623.78919388573,19.001825562873652,69685.16652231186,0.9724621845353718,1.3380980196420555,1.3096234161680391,119.42948365727885,639
95281.82378159549,7.853005920672812,100346.15040037096,0.3745494812554496,25.76904988856012,1.0076034594653165,94.27189361213058,538
55548.266361901784,1.7795875507464078,179367.89700138144,0.06507762717751586,2.3235773326231457,0.10249697951130965,93.56270962854602,625
14972.188058782947,10.892004479489058,188429.87717100576,0.5375374348496279,15.869907933520803,1.4571277297809684,28.66014190341335,495
19464.873513836268,3.478761088817556,207592.41776973,0.6383468117617903,13.56359377282037,0.25228500631405537,207.87610996302703,697
144360.85435332815,5.769328874314851,272031.8630829715,0.13960278578624907,27.946639800619348,0.38721523865111007,146.58782554496452,585
136469.94222472585,15.94221745374822,92036.84144647875,0.5528619735351967,5.9714958685526875,1.4637025587618502,35.91842211988083,536
105556.65580399093,3.6150362675263716,199333.90181599883,0.1977671216582646,5.390460461389054,1.1679978451473936,102.30598228782665,581
41348.7542960089,17.138884487080713,170118.23950441918,0.8447300578810684,22.46142265703497,1.4080361865488347,100.59510297506138,524
145438.10384746312,19.738145762619073,95221.9859217073,0.8351614957838297,21.771584193010618,1.219598554571643,144.54838995890032,615
117255.1337869376,13.130642008158894,272687.4800451336,0.4296290959984418,20.97545311478396,0.99501498875464,146.51983866599025,567
108099.74799553135,15.207183840456585,33167.60652796916,0.966743190512804,0.7838134851714218,0.4626018483513587,155.2080907381632,704
68505.50231728073,15.271732198148348,215040.3029154552,0.9797738744497416,7.7987906017472595,0.5239780904643118,167.79883070516996,735
42291.75115308353,20.8561591454089,219722.74534166759,0.1292510889476195,25.19685533562898,1.423543055914336,25.70161702483493,315
16265.862398717896,7.830765244032458,275021.3256685387,0.36771380483246763,18.02574364370318,1.2979071434256846,73.87640593690207,499
135585.15468848858,4.25713102485405,157981.2747436493,0.6003214700466446,18.06584762196545,0.5712611502413734,5.146128782268695,607
69454.89089537444,11.383344698286429,99878.58977467754,0.08483780958144438,8.87749816214435,0.5912377555500206,109.65932138721152,572
31949.77798969409,11.664996196634164,249183.49760870603,0.38265550381413704,7.805192656708436,0.4816568659000328,103.63378860143867,580
47281.58037429657,4.5582497659228896,232389.03314055584,0.26117208401659076,28.39664664054764,0.5228887068062558,176.5041363128954,529
87724.4962034006,13.26218837988279,152593.10625374375,0.9520502209667041,21.832658365596366,1.2979678261187393,40.94095023927881,562
28162.371875006294,1.2824946695364794,231517.92581197427,0.4115858228314705,3.8059835340551262,0.06523494205527793,151.9271752529971,659
128778.91404567157,19.55336804908443,84023.30261279193,0.7626708585475125,28.131208264312914,0.6822763006088108,74.29991330530638,556
114260.8904156111,6.291485556425233,178904.36746902304,0.38670536351217377,17.471104554541647,1.4171175338654665,92.27803747951809,521
108480.51748073865,1.7912041678038362,260229.11916242327,0.13181207041883547,10.000871008712643,0.8368227150150729,172.90956010677755,569
65949.76988671535,3.164988829497141,98805.42886187119,0.8631515301608474,11.914183391987953,0.7031463957086601,18.099983609084504,660
94841.7084239616,5.804978965592834,147647.24481706924,0.00041691690310385887,21.762135310578547,0.5029362168144027,82.92511045454783,523
88446.49939908486,6.478123372120905,285558.2319810024,0.05594087397445002,11.288179550582507,0.15717331329976056,94.5262520033768,554
98177.29703011336,1.6561999899545734,240472.49338166232,0.36438440589704324,17.36234397355821,0.3755053931398936,172.06408553254883,599
14497.759528703586,6.5870962438745835,266676.5109975131,0.6868982555187365,21.314984899452146,0.18116469440846333,48.61463520189746,619
63539.495521250225,4.858834729869642,118647.88296268167,0.34170429529077573,5.861249919178936,0.23371417308737097,227.43170549202068,672
8158.897731560087,8.572418548690372,298969.0515921949,0.06631281762097496,28.32724458727648,0.2870989889830912,239.4651067178038,532
75110.6412481888,8.703354747119384,50006.853381724824,0.3178400337341488,10.685183143062295,0.48794267652220374,196.7195236559932,617
50819.45942525223,7.780154812057582,158037.32204881115,0.2449808589901623,12.581242712307429,0.06597418599352642,72.63128784978322,621
23389.57995217494,7.55847767061408,146385.64777739358,0.005419799818197957,20.955431036034618,1.4277086341102092,159.66413032341225,453
17303.639222937643,2.7946255548250245,240537.49628603968,0.5348019131804018,18.263552681632923,0.2295376843816131,20.872379575806,661
88971.39668230138,1.5040989425232434,273042.24289192853,0.11664591474418606,13.203595108175376,0.6055658649214013,209.23575645385603,662
27247.759343459144,5.042286003129332,220686.11618787763,0.2874962887966661,19.49226120902374,1.325314961586432,124.32229623120541,454
138917.77751976598,16.132988548332307,189910.78965843932,0.6411898302224145,27.08484922716134,0.20452355677660528,43.16896075042879,544
87997.04867565846,20.81619531102244,131091.6113003086,0.7251156888229772,24.008508499362556,0.7512261650434752,79.25255773524691,543
53336.73107115589,19.57052350114658,155546.14553734157,0.26345562685602253,24.727770298643208,1.2749362164350238,192.37751593262598,455
89455.49273924968,11.084387110755372,155243.59240132244,0.329193671065234,7.752252257019388,0.8575958048495032,208.9841974150641,584
5374.972912395229,11.636477115558684,11008.69973689141,0.24690923812746524,12.582100478929126,0.354998213363002,125.21149947732721,559
143866.7635597339,7.291631380716851,153398.51242416492,0.9568886003161919,16.614574249621775,1.116488820548243,115.79444857425088,654
73380.90866754923,16.478788772753127,257511.38605136683,0.19051972698740283,1.325724574844488,1.0379445411578863,180.42560442622897,517
117844.81363304236,16.295133758652973,214235.83328696323,0.18318060363367628,23.093765411319737,0.5751695644930402,198.45931978193462,515
14244.039988520908,17.88544715164889,239734.04352687643,0.445035295831532,9.703902732452667,0.11712798429299395,183.7983881626011,589
74025.43296404774,18.91009154393769,120193.07198171369,0.18930635920056915,8.477882341230428,0.06140380034933616,92.87830400597564,575
74624.6351644691,9.686984964505914,161047.10488932263,0.15670845628560814,7.778760280684391,1.246819680534399,154.42025702462732,504
140798.31533629747,16.33751136214395,14877.65285414464,0.09587953770108548,8.501377962601932,0.5162581742606495,205.90901807675172,561
86615.75175165916,17.127974575917573,117984.39293995635,0.6401712481082494,10.140444964734968,0.2497663529785617,37.27079153733328,623
72076.43135642917,7.169192449955004,144952.73324332997,0.612082254901896,18.144736742284778,0.8018992779363241,93.76466774247619,587
41512.39813760025,19.584844880123,80286.62538172909,0.6501628918779663,17.506959657001893,1.3852082788013806,14.531913246188264,499
51072.211606697725,2.8868300527931092,14216.088802241695,0.7733000080093962,7.671352608056261,0.06229725355747669,98.72167127928857,693
79059.51556578759,20.885383583265657,208670.39208979087,0.3263580127925758,6.192728297196225,0.13140813398080098,185.57541805655708,570
66958.89612514692,16.401814363177387,133350.88650040876,0.9184237336119215,24.790745702140704,0.654715152248355,48.0897979787154,591
5198.587822288903,2.865418106486545,127625.0669681091,0.733204611068756,2.781700130290996,1.030150564794842,130.5110291187277,646
124291.20478076495,14.124592962100012,78746.09243841012,0.8047085885811869,15.384685236027824,0.7403456652122228,9.743990287816686,587
134631.79423228547,1.6835882185652031,163659.96770441503,0.7209621638267112,15.616826225678283,1.3514452357748368,215.53834778486632,678
22756.865171794394,16.403738988883656,134217.9004748658,0.3584556454325618,17.22410420434865,0.1139226055293433,196.98112208120787,614
83997.34924377932,16.984458433181103,144825.41954358184,0.2830324880626349,26.56950347721407,0.5432042609834282,126.33379683710875,491
18069.209688045645,13.048205061828954,176357.04778873269,0.42251706957901414,18.717418202843028,0.5594544396136452,169.683092037296,582
101491.53376989214,18.13720783833141,6865.770935721931,0.09703036053335845,29.2090129874407,0.5431844776801955,25.835963403657278,393
43622.600008173235,2.957665604297194,272770.29154383467,0.4512805015659471,26.140592500461825,0.7571445725789164,203.00506963897155,601
99594.54993440147,6.518476840816264,25970.782098798973,0.04314098309523984,6.442207784616346,1.1963367155321851,171.94750592615335,511
109595.20291445863,9.28355043185341,138022.80045821838,0.003945960027194495,7.235499306759035,0.5109297937840851,29.67220781729424,555
115759.82880381325,1.8491590565619656,66174.99819561752,0.9314989394746928,10.343224077455117,1.1295006496166937,235.38473914338783,690
17945.660001472694,9.964321751423324,159515.79896411323,0.6893368605878929,11.74543245240394,0.2623749333546535,6.384776165340756,609
137569.75308036598,6.30426912225132,87667.88209515566,0.5618469470659689,16.589853609230865,0.8630510406692279,151.2140961596729,606
36071.67065244236,8.85470024203506,258701.91692846816,0.34110203942305783,6.975378986890165,0.5938776372150404,42.0494442210552,556
7537.058314074608,9.502052639846129,121926.15101891398,0.5705380146850741,6.67035543341297,0.8318556633285774,172.9025781634693,638
84118.16546993954,18.588234669753703,193432.888951689,0.8915757763383317,11.441698721042387,0.20623713803976168,17.827094698538176,638
56896.498011640935,6.406819410552782,78419.5198036243,0.6523801339438646,20.16069339638256,1.4325211278033174,20.38311099950475,571
124808.88198359715,18.87486257432544,10724.814395735164,0.6024819979535042,20.64376839288565,1.3640104693625779,112.44372599458862,507
121621.21786551666,9.519419296256984,124225.58800591645,0.46020450297167803,29.283502201208687,1.248274641221412,238.5682622310572,576
48936.55613776187,7.55615441387972,163263.5144196956,0.345697030650858,6.072463017654421,1.3445350939126752,67.08738130518564,487
143029.11047032225,11.05024098670292,140566.40962221634,0.6985471139217118,11.785774555709422,0.26269741176315486,147.3942304208089,680
45055.84004473755,9.354865727256794,288794.2373265637,0.9809809410158142,28.940324938171813,0.7803965708785155,124.94517877544227,600
78228.45512629375,6.147446261102921,213517.55628457837,0.4247576935205901,20.700262279966562,0.5109682801969588,202.26658670645458,640
39882.83340400521,11.053586495921339,298722.5911844916,0.3922052040142008,17.768355744660575,1.33670961489103,69.97291624153328,486
140534.44836724657,4.036034661576625,92042.72664262172,0.4281134723650425,16.189381542040408,0.32468463962422633,133.63170699004522,604
26361.957002138686,8.038598860459322,237770.71748410823,0.4255439680497215,2.2653114040876963,0.36892076495585985,228.1990201101382,618
8646.771670064689,12.315804387481812,168889.7479262511,0.9906247733684951,26.80121426447731,1.0457359617147657,80.48800819231775,541
66394.3648804496,9.268164887797171,185469.3045623073,0.7067782575093406,18.765156462453227,0.17890450567711885,106.01793393313326,665
148871.5834802639,17.47824722101593,295826.6941304867,0.35918444921059167,17.15002223784102,1.1119324065291276,213.42638216637746,560
133968.23540572726,6.134435230703325,197926.2239265795,0.3715023738267226,16.18501029965528,0.4387845680554774,80.46722687903542,602
112793.98687962849,20.3954315766202,270150.9832393908,0.43079692474405573,11.757426219633352,1.0083562796373635,91.98102974748191,511
133837.28865002168,16.694440417027025,219096.31924217788,0.036712187580449696,7.639940740826782,1.3159047902229577,73.68439532176988,481
134230.10267528376,20.351860519949444,42578.905908801265,0.52781640202125,22.659659560034527,0.9339364911907364,194.47799870269242,522
78791.03733719446,17.762731096606082,211329.9945450822,0.8113809515227647,15.287025532849864,0.35839141326485807,223.36248593462938,664
48757.49967095737,3.8420785170328533,147873.09866221718,0.6605677932075106,1.0181859686766093,0.12129001203186407,151.83263247939047,724
116257.83995242622,11.529201812700276,276045.407929791,0.1984208467615416,11.972834993164899,0.11469025895784551,150.04760137105694,597
99925.86694882864,4.399570423915714,243016.16192118428,0.7280342413783699,27.858109146684978,0.17877722892031145,94.21086511144885,661
57301.34387330909,17.364547052545145,35719.73284413144,0.7194586063320303,11.216836846225887,0.8907359730810881,3.9836161475877043,555
15981.06687310426,12.683242983665918,44505.114877799744,0.26253921564899707,12.396990237767211,0.5549158883589442,42.57108611883402,523
112524.86247965584,6.268986287138116,25535.245530588643,0.6228746568569351,18.718833691651067,0.4025051172240523,36.23776674706604,598
40844.156356583975,19.591979440143426,150507.23804966215,0.6109490331219362,24.05024411447647,0.36799450880592727,28.695798672315778,543
140648.34627899932,3.3037210662852137,28827.66896616914,0.8397876238561816,20.053833531141365,1.4254432212594936,157.31730853676146,655
37663.64510084134,12.27724806942628,218485.10928953474,0.13607231183344126,25.501641933688393,0.22228403504350785,33.58739961733763,496
20168.17399689993,15.420811093334509,167945.78152787764,0.19483850451152274,3.4191176112209485,0.4919808956203493,21.466514656275898,529
125004.67547448611,2.1769707466486357,251586.080178177,0.48596950376780523,27.737776599559467,0.7336420299278301,92.4369800682841,587
24686.078860425117,12.957120664124073,87539.7576580383,0.04414514889230703,27.11765797234158,0.05065181280767035,60.51641644932775,500
28531.709607345383,17.318024309261883,158146.5313275365,0.41559419760170657,15.574457597567635,1.3853821218398006,35.860670406975856,451
90708.65314508484,2.3505462883610675,39656.50734361059,0.7882190419997233,18.742267133616032,0.19369295660215058,35.92456225849775,653
131435.18204394475,11.244859422132542,265959.95078183274,0.14871439398399822,6.384391506042052,1.03958237099495,62.23316392108102,545
31072.33052575684,6.1711435629748,56626.4638755023,0.4599487369365248,13.438423139441667,0.961854941885608,129.3070934468739,528
47927.903589214024,14.258489030738417,35196.864148369474,0.9897692333824446,6.08110082759437,1.223142589901869,182.18484842180908,643
117055.91605969428,3.373547341576898,65489.926564339075,0.5059200134248644,0.6593003682305854,0.9945122093151211,204.81361773726132,656
145830.31105702318,19.741028613410137,242838.28917327954,0.49832382412209053,29.427092043811577,1.1656117549631702,180.5888660875852,499
76109.69555794666,18.894571634294635,36215.28566698143,0.5587935837241681,7.7743954713061525,0.660810482743365,151.1429690692968,592
23296.830377585116,4.7194883975141835,186256.11097725894,0.1860043703327412,17.793249266935057,0.7586215170998537,217.92227402715648,530
4062.5705808138287,7.465317687302092,225123.48368146206,0.14716388268594427,9.007511506135891,1.0674100481384081,125.21709585348589,511
35989.09243983058,12.752699493060861,226568.94234244697,0.6773546291151085,11.118648606313046,0.8742187455298241,152.37228496403225,594
21509.688232405115,15.361246732685009,61067.961549398686,0.3957668099057702,11.932846757468244,0.7917308978867439,99.37731152931654,508
102293.48369470291,9.853120303205165,23179.079521395543,0.28990662821547575,10.051401939742732,0.34805968877909654,79.2448240104983,621
20031.210685022605,4.125826439219502,137397.88321280418,0.031391619919897584,19.121992780198074,0.4242569781692443,80.27911529123956,516
76936.82987985369,3.0830298760574317,64733.1768471411,0.8460504971784825,28.828088114658183,0.5698209995361206,36.447830329237966,637
104750.8404751472,20.995306738286878,211284.88865911172,0.032328865844832744,12.859039500186991,0.06346235886407962,191.38683851105048,575
88005.25816469354,10.107042428869745,110224.3758983492,0.7499831240833194,29.199801721627953,0.6551770018913436,14.232972155716965,601
31566.796445688527,18.450634982969962,137559.41260477397,0.381988558998581,20.033917120343496,0.054014289857673585,162.24977325972029,571
121010.42987497489,10.647520092582289,38478.05526500499,0.5986878105046501,18.21408585063027,0.8692723820859383,207.60598608805157,607
107880.25518313865,19.447152770920066,172427.33453171657,0.24767800069016233,7.11311555396769,1.0708417150099059,119.88537492950276,478
111369.63257950018,2.755187655431012,59729.63594141266,0.15539966623207313,1.8876211769814244,0.8651155158419334,17.7779868601305,575
21396.54723048236,3.2803838266910192,205300.76996990643,0.5333880008349474,25.558043108754866,1.05560396114707,103.39177333121692,562
20315.562940251002,19.592643754484484,25994.80265162864,0.6956176949541436,17.21943191832807,0.05001909440650085,83.03115808888161,599
139279.25754896313,19.9498609008957,292888.9047229904,0.19549329494514656,12.432415872746457,0.13619086126224886,236.54389731256396,518
60841.57268609122,7.294348949307267,206935.45868281444,0.4363589474325642,24.359019662654504,1.0627705392695552,166.2123831869277,556
46540.40638357908,8.103297739877437,58610.22250451822,0.44465497029139567,9.317411477319563,1.2142052145373172,173.40499335411187,582
74310.43871202694,10.04900469669516,9157.920411247458,0.2159791490794628,23.50851767893462,1.090667277789622,124.28263363197321,478
100103.9034890102,9.323233601345816,103666.55320053954,0.565049446252131,9.83891506217391,1.0113677517026498,170.55000681166106,631
143432.24204295155,4.800904319191933,50079.91289540118,0.14593568678170066,27.62643559212491,1.075704862526762,173.6944634365982,536
44394.041578544144,18.96750767878749,69431.34327026605,0.50974917331858,8.039006233704077,1.1224053924044404,16.85977249831906,486
138871.64753818003,6.066152014112875,262461.3262391774,0.1134315113659995,4.126623527237134,1.1003473726329756,54.202959350067616,573
5679.204725165935,15.105448189553032,182945.3747150006,0.48554240885513744,20.942901250482354,1.1201122926480926,4.099245747503767,432
84169.31026437005,2.3431135546994577,57055.00764352535,0.31159905487555684,4.885417591943123,0.1573285757520122,122.84397001692868,657
95828.3165288006,1.7750266305685893,169214.5232027974,0.452246292081535,28.48089150866957,0.14174374966720582,210.31616530581033,641
17672.815755111485,14.074609451538413,80455.292760373,0.43374935944317417,19.66665337166598,0.5736239176826865,146.68353379218348,520
22770.26036545907,7.780317151465207,292979.25498563633,0.9079331228185928,6.925819838535779,0.8150152360957537,120.54959914604254,662
64028.919258812966,14.109187854400027,14663.3829277901,0.48993559995646274,6.264568028562863,1.1557976281865052,222.30583757894294,603
145002.3229971909,2.8804240433766073,221033.93453950546,0.8184989038768744,27.716251173612648,0.5353263372469682,42.16022413419918,679
90214.29787868718,19.997027598317267,233034.12272647105,0.22565239291171524,18.235737385496726,0.44891976111877047,18.830429649686884,506
140087.43679683126,15.970289337861908,24813.015367521577,0.35208279463425884,26.812080200172502,1.1831000467718678,220.23607100192254,476
121045.41551071967,18.525344660515984,55701.46244824871,0.07508938063319093,3.3067561453747563,0.4115384346082927,216.76483942559636,543
71172.47703018314,3.7294110808902183,118370.46443566748,0.4207477948214936,27.761765867375285,1.240219996380972,164.23042420489492,533
118144.99048932374,7.403219377857388,261105.673826075,0.668699887074931,15.60147935982265,0.3068436470940559,59.78901974095642,652
4639.844028594185,8.366883284126882,163414.9818334573,0.8381670341093962,20.052657489940515,0.5712366081650914,232.77360190434462,632
18153.31152132877,11.74345296653637,198315.5207521507,0.5659149117991552,11.18626414623842,0.631559633668266,183.9177780811146,639
124755.43500264498,6.937369710148285,235988.78645976857,0.6400726695930785,1.7742096601747859,0.48429014859608216,162.06080547673594,703
119928.92907212394,2.2126148437881024,249296.22255956838,0.17726707761694815,28.739173240254875,0.05486752513616834,54.27580643969202,588
36430.829811032185,8.377567614749413,145503.9402096859,0.037206038233439376,29.83794987325446,0.3914884238408094,123.62831202031464,505
80553.89940865991,6.090986292545643,155093.975938177,0.791688145177316,10.936405462813289,0.5395976603743668,197.59572166998296,693
91690.34146360161,8.718425829264298,216811.72784089492,0.1670382074412864,28.31603789255939,0.504756097063661,206.60219371101635,596
130425.36515884966,4.939190852400525,82685.99582700978,0.09116953553275242,5.0317887288469265,1.1890554698919504,135.18179767650307,531
91259.8592861314,6.237927491294709,257074.47222782968,0.9375623209065953,4.640533489757265,0.11868325567788587,125.94772864890415,739
63060.59225250469,13.539046808645375,11132.113220373263,0.9635213640591765,2.1933552002751444,0.6139756145000991,167.74643496552608,674
57379.238424263036,8.763076691561302,62752.622651868776,0.6162572916024947,11.738082227524522,0.10439741059018981,127.25147379068102,692
65030.54878327946,7.907667863389841,241058.98319576844,0.3786372726872934,1.5690675054479752,1.3994389708870636,100.82576809769296,566
98485.79178583618,11.678112654447458,105376.1725083383,0.833239540964052,11.839715688386903,1.1958036836950898,21.415143730428895,578
130388.61349934408,16.437210816878515,49200.68564423026,0.20471995933541243,4.151712859490047,1.4741343188951195,31.12587249602365,461
69176.73854729236,8.577359126959145,60092.65293486398,0.4293923274296819,21.91583386718872,1.3697327709592269,182.7058368999595,551
38680.255316801,12.750389851116811,161573.1385711405,0.35701729900060175,25.00087948009224,0.5079285195683224,6.894711445200068,505
37026.02972364201,20.324052507363525,254623.5511567714,0.9126999907416816,20.63446283388864,1.0527959478793414,13.500901165628468,560
112410.11347603006,11.439602282361014,25841.961152477626,0.9197774153622736,6.014824573084676,0.49450342684369214,217.2098151626538,723
122852.17698673873,19.19595153035089,13991.868191771573,0.6508859263236664,23.00544578723867,1.3379062224979548,169.2553101156697,541
17581.155818410494,16.87345248512854,142224.6000718687,0.11074014027269186,7.485005910998249,0.645591661452645,2.0068405374809233,475
11850.710829366368,2.174373633002994,287075.2874408222,0.4821927896583025,22.784657909055824,0.5950369357611366,75.57836647081459,553
89976.18223595487,9.581977429385137,87307.89200716729,0.24532836622405674,17.021927246891725,1.3753996791383334,183.43311208233519,504
23633.640140519346,14.966368157371763,287955.30902477924,0.8849156631844819,11.001375488736292,1.2632734170487887,100.80659119456409,546
124050.30018753851,20.734238248963997,266865.94709405035,0.1384027990162019,2.5047713404817307,1.4512996523782373,113.04267966308869,485
47929.531740763014,10.167525823230251,88524.84753431578,0.05431027586070736,24.825285294210772,0.14640772408294794,110.65297559000724,530
23293.046079729113,2.855709082534789,245999.6789555633,0.7044290335500782,28.18958762394676,0.4028413731563468,49.31012237891071,620
138303.62992814265,12.240183494257357,207330.85425780155,0.4532860749681529,19.977533400019126,0.4862437344072162,173.41255365768436,620
26498.694964821167,3.531275842479206,155987.60472690337,0.8383648876030845,28.936247000803164,0.665310488384405,25.618512994607347,589
44138.57218601446,16.03039120558787,129760.26219764804,0.07462963116931176,28.02334257128973,0.7360385666253773,122.23301422565439,474
24734.782488424677,11.153539949235558,245573.31299800973,0.8010761326078425,5.8382520241126095,0.4726350206967701,41.619442762787465,655
19092.529422472537,15.46862736754573,238958.43264503125,0.037334752844158325,21.936370457946406,1.1961531135602912,12.121341488940283,414
5129.906417793125,18.387236537570473,228296.21910305496,0.02807001191395697,10.479144583130836,0.3737040095033319,35.23528838287322,496
10198.520556310497,13.578960343255543,299485.50560851226,0.4613157517310297,14.62552081696878,1.0599501042837138,208.77104977850627,530
27846.937698506197,13.24878658506363,146161.17597770825,0.22129128968065181,4.708962934465372,1.2850640576085413,43.099291882530224,482
9900.526028821958,16.091405908792623,243042.27845687518,0.5937187070065306,29.243382841729574,0.9253624467814002,67.53024095395178,499
89489.28478442374,17.849100029053346,259431.11826012615,0.025816994211470434,21.784121492292254,0.5635304425445903,34.00465438467709,426
102745.74996632694,18.381075725540054,67422.76152883677,0.03538954236297853,8.007249288929044,0.3224423011851444,176.7952792962043,520
60257.30761114018,1.728603913657666,17409.60040565299,0.7271484961719404,11.144150705041005,0.24480198188535918,107.46235097430386,664
49062.68234890331,12.123805935955787,124400.778645631,0.21016516249231165,12.674487804863531,1.1290533717661393,226.52877423617196,514
76669.88307929006,5.325386195951029,257737.3219088489,0.6564171236607336,22.426011724315206,0.7302413964960982,159.77357515724867,609
131500.7314507221,18.206917815635666,90285.46795238052,0.7499221615007585,27.770918003087537,0.11716334919268306,128.00202369633843,592
127967.48076968649,13.967953704067224,211502.9954498901,0.05933116572496744,9.643203989537149,1.4765672850667992,157.9347926591321,483
8434.309177893207,9.404449580648762,7167.701023957491,0.7697539544642392,14.175002648412587,1.0233896153340356,10.661666587109734,557
28861.764620285565,4.762084562427026,109832.50753447013,0.26842121796128604,17.796227185041033,1.274064699569117,228.20780217075702,550
37038.24092345061,7.78047251839653,186577.4249536546,0.38954595819974824,11.800319772009468,0.6853735734096666,229.5866768897223,641
38909.36122316735,15.07555389080449,43278.37107133938,0.08663919229531669,15.125439700970556,1.435386000171636,66.99742858477158,423
86542.43245793036,5.087190904232775,269499.039083493,0.8386299833648527,3.17122887060306,0.33931128033998453,151.16262037560892,716
63606.839004072455,2.871658906767455,51100.82324953838,0.560728786325764,5.030231631604982,0.31844737826128333,49.25774334943003,674
9289.60974928391,18.76057516455102,273389.0957761784,0.5046652778471722,12.033037716604348,1.3409853654170203,131.84575890950967,487
57294.892492016595,16.284206991602336,68834.84606147752,0.9685548109027556,27.448170353116573,1.3429897428083057,185.21862815073,556
79515.43641021031,4.995898613162652,298312.20880517305,0.3345057599406708,10.480741372339008,0.7735782539736112,225.61739222848874,592
17047.441629749963,6.846230868599833,183400.8704221993,0.890779286476696,7.493784258150409,0.23239021526326903,82.07284466049558,677
125351.86596070684,20.441403542617714,29881.743859301827,0.7196878810646042,22.285866625478278,0.49256386439474426,166.74775786722,599
9690.356236835429,15.163689735182349,24256.784171204657,0.9285281358522389,28.47390498229828,1.143520890149978,172.22608032897588,568
138876.59661467318,13.210440084276495,27101.900396543286,0.9078020527624597,13.773708511906422,1.27668826660189,53.85456347837315,618
16668.744953821573,7.152569708482607,179018.3604508308,0.9910298050260696,0.2581486670154931,0.5540993842299848,151.33867942692075,754
126849.0928364674,6.982502883330445,243825.86468657863,0.13167675203715756,20.64447994426854,0.13878883863445834,157.6456881158786,606
135592.66530128734,1.7904723738046093,123874.00882229919,0.796016392091595,12.451824048484347,1.0153036882805317,183.6141894167022,697
146976.4607268157,15.569637338038628,136226.54898814924,0.8044943549475032,20.209366098486456,1.1222707100855256,239.98739453163353,613
120699.83028049185,1.8635045011376907,178839.87258106525,0.6443735281784868,8.331495474876107,0.6648212800023543,10.615536292928855,632
117362.67603415668,1.0971467555455807,162246.97841197494,0.278860958238202,0.07224431450887248,0.8954915368459105,49.35090543893638,598
97087.52484734106,15.589901757219582,207978.2112648747,0.9651482716283151,10.334886562368112,1.4816886714099207,35.67374522881802,565
117291.46047756309,19.977475142982506,144176.78744809283,0.20442213789020958,21.143770278388246,0.4052479690715061,37.909738528547905,440
21913.726845145768,16.13006095454621,215588.90209389993,0.499575378358439,11.793398490275678,0.8808176560089138,109.56542988864963,510
81338.06932025032,10.432803812487574,299206.6690512571,0.5214871128191862,6.575224189596779,0.9358925996658317,210.97023703049203,650
78104.98478818133,10.720904991217461,108337.86346338566,0.16182934483603884,13.920205924023046,0.8462054342354716,108.24486130719346,524
128920.67733013851,9.722728452982107,8603.561560028487,0.7225288223332409,22.570455698951562,1.3102378590185038,160.76681508242476,576
70494.30610784036,7.492873342206673,42059.388437738155,0.08886716418023977,3.5829926037691804,0.9272609212870688,90.98329506472237,541
58993.24542285231,11.434284283716803,168286.6845711514,0.693097778846711,20.752561009399436,0.7864405324673706,77.39953235935651,529
96655.3641430923,9.6230191428223,106556.04720767235,0.8486154962906369,20.02032071411842,0.22837178865870106,200.3822091741411,698
41436.57099012522,12.963357600815494,282294.8651429728,0.34939642508239954,11.12213639055214,1.069653338975467,157.6758549183023,554
22685.724821185617,18.96240161002189,190096.59658167796,0.7094208085992002,29.110085741384832,0.24155567416731555,84.8639738517261,548
72725.83655551438,20.900188346476206,158504.77985981305,0.1567740081478498,26.841158984410544,0.08852634537812432,219.4843024380724,480
63699.62655204298,2.5748657976583424,240421.65287524552,0.8459490014528787,9.484844424062096,0.7583701864420203,120.14426406311709,670
36420.35119827331,8.693669453226828,81284.01195948306,0.9520316985532247,0.9327328018152925,0.8800456446142119,45.99766460452995,686
56391.74789703895,4.614123915336189,246822.8693832961,0.1526936934997769,9.2491442023523,1.498628388992126,116.4900251297758,502
56226.082574284614,8.042409478510674,5903.025934907419,0.6918594739723322,6.141658276231298,1.0828738519601653,162.2531656661007,591
50469.34353305673,6.74946037096846,187804.8218300367,0.5058310965565258,16.417557421427784,1.280455964329987,88.7399088322228,587
58160.68379958549,4.490742632535766,280753.3595585048,0.5314993318323786,27.56233263546464,0.5522626565945953,202.66455196981903,574
103490.01512747991,16.28152106842581,237418.68584999166,0.7064897186006882,26.110125301125645,0.7879262897409529,128.4214113648581,562
45937.71823655022,10.925774856584717,256822.08668347102,0.48874049933643726,9.174874669944801,1.4626900364596906,112.79578240433744,502
142430.97315387038,19.384911644344516,122101.63507559265,0.6003263920177168,12.85792600666911,0.6552134006070256,206.23203016002876,594
137619.50689165032,1.6518488649402898,248150.48909953726,0.2309010194113772,1.0962659723869939,1.2205711159634567,111.63735574541056,585
73174.74338841163,2.3395602626397984,167495.34118392866,0.3785065964886303,16.324905229474485,0.8126842207295193,100.04402390234515,592
50597.45834069394,9.065471658606882,187469.36976844366,0.865240350071502,1.9010394015218657,0.3747446847185929,25.78821848470554,707
81244.34889484047,2.6055464080807424,22380.025104062035,0.1099025116483856,28.15818498687299,0.8916070239557801,87.63555904681469,486
127586.95233849644,6.25459192829667,64457.75066644568,0.5975752609336399,26.00801504556817,0.3661899411369662,95.89454383457652,603
98582.9264028951,20.720594861532472,167534.50257649802,0.18428706223489022,6.42562879312509,0.05438913531982464,44.16873429465306,562
121049.99053616746,5.179192149692281,22346.312057931806,0.846539597923372,20.981060395861363,0.3920492224363477,141.48974520944708,702
80842.89685772955,4.962354828241814,223726.8079433754,0.5790439538535498,17.04061147299999,0.330058556914881,35.3782548615331,629
95671.80913160786,12.472813375914182,252816.81751396097,0.4030487826702711,24.040731375485493,0.587835706939179,54.46185947632995,540
44647.030899004334,10.959965815863134,276506.8965819674,0.24982467365181793,14.269563202545598,1.3384655105234677,135.10098458830862,482
110764.18802192304,12.608765944056895,35021.69545804275,0.4368446991896344,5.75315911997334,0.61238695671808,65.28707196921215,598
31955.879782606316,8.534705564170935,282217.473166726,0.9576123259217423,19.19530200368495,1.275522059861937,153.88072612067646,598
104830.12306513774,17.53524719789894,24947.902250642022,0.5092092897436206,2.40840980987835,0.855638879190793,166.03263876804837,623
129386.42211223232,3.771611028849257,144846.5836987055,0.4694895316998602,17.53763973505266,0.061041321122722064,73.00840813498942,705
21551.2199206285,9.567852916829313,252874.05108520447,0.7462738135003091,6.381144163933728,0.3236682337096619,21.885655877716065,641
92928.20160020413,14.795236968881742,25741.785876514332,0.3790470708319067,20.548093113706805,1.4003531655516528,117.97898828511148,482
16074.170738030321,18.364728805657993,10378.166531750172,0.427423949880794,24.841294851843255,0.9260514969866919,23.2027224019443,455
109405.91298417118,8.391432127135154,12359.577018461954,0.33694773157161906,3.285741878462174,1.397842944929797,124.14132788420449,543
14504.996385880995,12.354911981875055,155824.7206336299,0.1509197553293914,12.008056564457771,0.49967402944000666,174.56606426882146,547
140519.09375969265,2.38279890014523,244421.03965601558,0.7138092142026506,22.005647633279903,1.0890154485099772,149.258820161522,643
22336.37364559472,4.406381762236579,42590.867966416896,0.8730309138836237,4.911091845565755,1.1694364818510268,108.1359662496722,630
143914.2763945439,2.3827632493222897,41760.02495346448,0.9055926492427656,16.995710101071396,1.4647644239675703,227.06019294751385,689
120530.8580605943,15.557617839970439,172721.32223968854,0.8808029380377796,20.155169456271693,0.07635590059499302,25.317588706638745,653
89864.9366610204,6.761199374442814,74117.20223951749,0.4517838024379929,10.643808217181467,1.430743961928707,211.32036015195158,551
117828.36748517294,15.474905803836755,220413.05186773778,0.2840661922031963,24.95946822607803,0.6178058155260394,192.23080056124752,545
119676.9961694967,2.327965580865491,285142.4395121412,0.6379237496008234,15.319745551401414,1.2650889883300571,101.31752070713571,613
142012.0052969649,18.250956008166508,230979.85494712187,0.9547049119060317,18.8098451982153,0.8398337314205717,37.53525408427075,631
39500.73636819971,17.710603962221832,263766.7330817804,0.727050648168605,4.2261839011433615,0.86874183739838,38.25216180085626,593
89331.23251302975,2.778574861005653,158277.88698364273,0.49484856159015655,0.6948052359800716,0.5710979378703527,221.31157681752856,689
16067.281239531381,1.4751301291437304,250534.19474417233,0.6888085745134482,1.5224571247495888,1.2512852560483865,56.85541476250416,599
93192.52360356995,2.1257762596398235,58956.4392760713,0.772537912454397,27.117604445946476,0.4328196777148584,209.91365420909105,676
27351.113005732743,18.07260346293468,25162.62766671008,0.9192692613280707,26.479271527447533,0.7637500099589793,121.28755756333905,574
85612.6904979214,5.694069781037915,198506.16748678236,0.7632157539721541,24.227743174855274,0.8622530232128394,111.35457817784061,620
86719.71607700975,11.965466357163773,20325.988608626503,0.4331905556359056,5.988362737045824,1.1266555854698581,149.06319295253314,575
70965.80264122164,9.524884063601135,268282.0186462057,0.2736065184654841,15.763759558485098,0.7338712387102287,52.39434081148267,525
79349.50277594218,16.91051052457204,209008.4733966885,0.4998816647295913,23.8835130164512,1.036410203317266,103.38059110026686,526
115060.66172097501,10.777966029413411,285899.21399562905,0.3281779446054718,20.240075437673212,0.7536764397045643,225.29778087437822,559
120288.21804378586,11.013216813225394,97596.56361240451,0.942764592687814,3.465635810278128,1.0060149235899623,57.94340602592121,719
74838.67590516352,20.781838789998048,148416.70121447815,0.5079658434499622,26.866235994372712,1.0275080405018149,221.25847057226068,524
90739.82934534662,4.002591134985142,223798.6576883101,0.4720563359640083,4.820471783338868,1.0786902627674035,238.6161174895937,612
139822.96288213506,17.614078774918628,76619.80071094206,0.3481962181548629,5.153870802400063,1.2437847010974727,13.405817950043728,517
19720.571098166176,2.034994912077696,164845.40193294175,0.6394069902916003,27.03025887512125,0.8340477133918801,127.9996102993378,595
19331.327753216356,10.552975391459416,199542.84612661603,0.5200512786209478,14.538508172835483,0.33025333761134523,42.06481262679157,568
14980.933762793724,18.72669647866047,293748.55306187714,0.12904892289825654,11.186754778694006,1.0354792203476302,149.58970717364588,424
99363.76618599812,14.304279312082425,224687.4718015035,0.8692078108304946,16.609702268941696,0.16182122106363472,237.50069172835526,677
63954.02851697616,14.704292387322658,39848.600832326825,0.3590128321437984,29.44191998496334,0.3674847825687168,215.35453400495118,557
116599.5695889928,6.266345645129711,145223.36815807654,0.4325784299581542,3.588913657231286,1.1986284165639587,222.03878232391847,582
101342.2491696717,9.371495827229085,178687.38098192375,0.2056670566635791,22.708465463761957,0.6808517092785957,51.99060538159174,481
51378.38823257925,8.33162126998101,48253.82714498406,0.5533982076178892,10.029775867323826,0.7721640430942648,130.61438413454306,614
134958.2490095073,11.428864203159884,132429.98680941813,0.702055062428583,3.511478125428712,1.4817255318011187,57.124612918393204,587
114854.75776645655,10.244558602873363,88781.71581906779,0.8811653206259396,12.65800066058816,0.391000104480931,215.96250511105865,698
42039.17125470601,7.5379670375397865,40054.12496729766,0.05160766497226266,16.46258633175813,0.0783514868271051,46.685804344744916,524
55900.418630263994,7.109612247423401,156052.37037171907,0.9733319096993783,6.178849131844407,0.21149028380087398,37.79618006579875,677
48537.11707023091,6.017057833102443,53861.7588986419,0.7038177420203567,12.158083772898076,0.4045276965082029,3.9068689796504854,639
25326.52399649995,8.300944937695169,179208.53553278837,0.2842986844115174,19.070280764168714,1.1025840353748804,44.48553856070258,460
23871.939136244364,3.998829558681213,55060.595011350306,0.20447475501396606,17.293440591606664,1.174941946377905,46.35332039823334,470
140546.86457961012,18.442086040071477,218460.50246283223,0.29608791865459794,21.69481782164552,0.8699589833204651,19.520154818621187,493
66809.79750541548,13.042387836668546,62596.27879375277,0.8757257516664424,25.09213598812204,0.41981727811233394,208.39012371574498,639
58731.333771056656,3.675728511877109,269404.1047289641,0.2913901731959504,12.274209953081211,0.8065257470638942,187.41947627837365,569
109993.48488425193,14.877186684180028,12731.760181898611,0.4628211345572357,12.689018263866824,0.07168845610420461,61.82107786599437,568
83842.97365742919,17.953329359959465,158989.2291784921,0.7057380542422326,14.900764033654594,1.0386113669756045,188.1985910913774,587
140548.71805209242,5.750713441045178,99430.90593653133,0.8719898637238855,16.990601351439103,0.9407314553432934,101.89732668443479,661
117484.62109859004,4.012011886745278,71397.57510350429,0.6585711623461041,3.24968022713675,0.08160498210323819,186.34935393421608,734
72946.69549043197,1.172345142675041,144122.81985371868,0.7531091965344227,9.379060625843222,1.2346668687675537,78.19882878860648,604
57701.20207516228,1.9450067771297022,253395.76321565692,0.1733267962959556,5.156753861310728,1.1569684759850767,135.95236013060264,554
148021.46864879967,16.24502696607023,275006.77563036134,0.8774078276911388,11.575582870323947,0.496924431074054,92.20491952704629,677
108228.51492853924,20.743726640833877,94458.3423536145,0.27571918361811065,29.200622177221096,0.9712961434168437,45.85452026860912,441
142776.8096805685,1.897606449525532,50501.868518046016,0.1283781640565157,17.481928700429393,0.9221647970242111,140.96625927647818,599
19534.82942812212,15.961419181597853,217441.43203206063,0.9762442903406693,12.88144559761639,0.2576114048789619,180.4485611947064,687
127878.98452023583,2.437243316819201,176689.62400951656,0.20163992545416098,16.978106856711264,0.33022598661583047,180.99260277800158,620
96286.93483069872,12.842656498073335,64299.76385988017,0.13665197007797647,20.07229666281538,1.0406488975307877,86.1531709782992,489
20044.408393596663,16.121505648564757,229287.2574857938,0.6260209001017866,13.04860389871203,1.4036498870915124,124.97211264899289,514
89062.18399544466,8.184087945354754,158084.47839643163,0.3188631494960953,13.431294127586616,0.885612265013192,183.54308506183563,573
103542.26203560643,1.2186944222132747,197751.58385468522,0.1333492051804933,21.04203388145126,0.8733290610613401,14.024925090899211,545
3820.79751151322,12.903787042508519,111005.01501919968,0.601121117215876,1.8258774961710378,0.9876884573205659,18.181311658905614,534
69239.05835257849,20.824892562800557,134533.78058420093,0.7589852272222355,16.202417048650325,0.6888385352582869,90.91723485332648,572
124159.12765705553,6.152348456769915,58200.919020607944,0.7931983742071566,16.419834366531042,0.12854946307694842,54.409712645923065,717
45713.1357509253,4.789825543744316,228172.18095537557,0.15551260101227238,22.702567833851425,0.624930577750811,90.54039867250266,523
69865.11610618557,3.478517855070299,51318.3406247786,0.5568670679399422,29.479342570099742,1.35536570467094,23.40698608645003,499
67462.49080604818,12.105112398001122,234599.2654515631,0.8136783706814606,23.872643603604242,1.2171728605677454,142.4899193313937,529
46685.253933488755,12.928901987205467,240412.3171909529,0.16108701142418524,15.11365837951404,1.394764174436745,161.5459809326507,412
137929.400536302,16.845416743408048,225247.2843962609,0.2076822517706749,5.083595388215356,0.27160579844199534,190.2498813866436,653
117631.51724386435,16.061465472410195,10729.722477328425,0.00241139743167762,17.64782914899512,0.7836387477063028,156.47498220000313,495
18367.084827424354,18.850829895901743,85574.2977189687,0.5246341563952881,25.028966601380578,0.8978558244787684,95.73515340645213,470
149561.12935996082,17.115453966846026,143159.63412358504,0.19468169686195091,27.972421909359976,0.35439198948981293,224.44784573146796,555
132121.6035975463,5.945341661588889,180685.59172145475,0.7242425757268991,24.759311384823018,0.34140684694000656,174.59335183068973,651
44018.44880387776,12.117548097515222,276170.5193138698,0.9622138556176058,5.669058190876905,1.1839477523320634,127.11581775259936,624
125860.69378981886,6.9482391818716,115803.76177796717,0.20875548899907026,21.377275930479943,1.0241852797256996,50.43724759220654,489
17750.090716964663,7.595707591030049,263131.87903831643,0.6490970117635326,26.4046484245753,0.9884219283819823,156.10502182995555,522
149867.5001101873,19.638887384599926,53211.64000036678,0.21183446145851137,20.430508998809255,0.4371318140753716,142.4212054955435,489
100521.34094376746,14.637918101341471,114527.74381504496,0.018006858979704,20.572561227846457,0.7848156651584499,164.31586974607362,448
98218.50230270195,20.491808265022115,20423.193192290284,0.7585541942145848,15.004868587532362,0.08345143255952536,187.688818908684,677
15385.227593651647,9.33825073437489,224034.34086140856,0.4340046766508928,19.109286663765154,0.23842177627062044,219.69685893579555,579
134760.94303670054,11.748751467079531,49442.563442709325,0.9467868615146531,8.831421576690634,0.8014637510031474,227.82452533459684,719
6291.926474261475,10.742308398328435,80820.90461629504,0.5342858821434056,2.664302603572356,0.49902479966627356,151.6143350080175,639
37642.55259008976,3.1457411504745383,233693.80939699837,0.15748286897568398,24.831447142362013,1.4502211474999491,231.86349254504904,484
23167.23752466198,5.734039890532067,162741.43163969944,0.4497744417972779,28.29432922174547,0.7336528487371654,218.82995336113564,551
116961.65522244835,11.552727212089643,9121.952228446457,0.2028917948060165,25.704670061308327,0.17116802671743347,1.624831326637833,531
31334.225627508888,2.347486102660125,5659.385400482155,0.8780292726865745,10.01740661342409,0.07587140352020301,153.39057443279586,722
136774.457615371,19.629238586177784,155644.88636326964,0.6909031808875248,2.805904539237849,1.1016239170791235,43.654188950341194,611
99127.81782046854,3.476873638867416,94961.87655601247,0.3412388046547036,8.404151628942195,0.2986847701729552,71.55104441558112,673
7352.08115321504,4.9596149283381425,58191.87656857725,0.5278203228071404,25.285061274297004,0.3223279350573356,72.10254773680573,606
2803.615451047668,16.306424478772733,186010.2116262527,0.6694801882130285,19.67443522899648,0.6645204728289731,116.46798387326868,501
9645.37171813104,2.938690835786274,72388.759156641,0.7828577166454253,29.000827323088114,0.4328878542725237,3.597016540414575,581
91676.9262918637,19.005561992308188,179701.10915705963,0.08014720987054169,10.280430553113103,0.9440367656319748,57.3553415178929,464
120619.30800719347,15.514019414450711,116883.4554229505,0.022518841995246786,16.544163608749272,0.7542541354744575,7.959908713400955,476
37305.817452853495,2.372417142177178,60090.13421258797,0.11445269716988982,23.701146649146835,0.2116033721419836,156.48349720689785,522
127712.5087526148,14.836941225713058,45740.89767128086,0.394996310172563,7.0197582819543705,1.1878742294687001,213.53973130758712,535
10470.327142682538,13.632570843426356,74873.87792254997,0.466706610082092,28.92269923978997,0.6674953389006597,239.47148969983178,560
120542.65033896807,16.14698865479837,13800.471863830599,0.13646163021384838,17.771930174754445,0.9357097634044859,108.20509713592129,475
139313.7236654975,17.563957049786715,95897.4538006992,0.4111531378996053,0.23692689958959567,0.0557163821723885,63.17372536030251,606
116272.04306744832,15.367011263463102,271076.6336036293,0.4416227863618305,0.7545982688403718,0.9582800484829788,204.89175961863546,583
105321.8760288383,12.72352590541944,250251.82713549334,0.10908996367748669,26.466480492047857,0.46013229269485495,28.044885692172997,494
126021.0723609967,7.449266371635554,114741.10823229938,0.916659960195734,19.358445832832324,0.7668375776544907,233.84311647241765,674
7942.39233296583,14.945473236598582,174870.91748163212,0.5991459275877076,22.892175571915864,0.4816948755408701,171.84615167765034,567
31863.752386420198,20.139431692615588,172371.36490914723,0.3885355304562821,23.52048002870724,1.494578079731252,121.44038502281198,403
20488.704537235175,12.750435610577485,249477.57406214514,0.5069071834722066,12.613793287523293,0.3847213563318541,24.09947842049177,524
76670.586548562,14.286897368685079,74705.57994750486,0.31419748646880674,23.958337384269054,1.373646422159422,5.348828634635366,466
112287.84299266899,9.742560843996014,92434.30919393865,0.854331031644593,28.125973344376142,1.3810516161533795,131.14319519818346,581
95241.752997307,16.122416194861486,94026.7029549554,0.5750150415685037,5.165133233088649,0.6604509467548332,99.91027127816511,597
127967.40276476639,20.95334784677272,17056.646982643928,0.49489581439354347,22.924091986260617,0.4908045175088665,202.3968141525268,560
24971.52288128145,4.207786481354722,97832.91967031169,0.9108854030955976,9.23376022846695,0.6025015430032472,154.51100964673142,721
110723.9216064039,5.048105590075246,263984.5640934621,0.8379796982340677,9.644790091615615,1.484541676718107,104.22322681247113,638
30570.140648597808,11.78875517328779,274036.3560335869,0.8128018914258494,12.382645531091587,0.9472545296395288,55.01568736418533,611
42072.295195034436,10.627507945233164,37342.42700172236,0.22560920423184416,25.911585597242563,0.8399313448399259,115.82090790606946,470
107065.89519763297,12.431395690134377,140127.26977743726,0.15312311146835678,0.661682019301475,0.1020809279421696,39.95563262989142,596
147070.3081650049,1.9814809544854608,117497.92596835353,0.6900965197127477,13.017786204307919,1.2793723940756871,160.4160263310913,655
92508.4536846063,9.085529126608979,149360.96300389944,0.4686422563413959,20.401429487078115,0.17151791092043855,145.76924831931663,608
10066.046618711749,12.659565241311217,168642.25959730978,0.6837127129568435,3.3124637484756594,0.11810993219985295,194.60705698216248,671
93213.72754927486,12.703827026099255,10976.33420523509,0.7606272321111164,23.767607910522493,0.44854422487108836,108.43749606590401,602
8267.88163386473,14.146679235367472,253461.46313674242,0.2953135073447509,28.257077936920588,0.7398934773334014,67.59699939357944,466
132853.56528228894,15.404320580053277,292230.90158613486,0.2846504331228087,2.7280446323093575,1.3481689920063806,200.89849085734556,522
107017.58619489186,13.830944066817132,197754.4195410745,0.4908315662581837,4.588444134926344,1.195614258670116,166.14830246891245,593
27622.921270530478,16.804863107788698,199833.41035554392,0.27354931352649736,29.222916748386087,0.33656660953347234,169.90349021018466,508
15574.708861981313,13.495212693691833,160754.058060059,0.6672952760161995,5.935669223572248,0.589515316219551,127.21221256611659,606
29162.91787428721,11.75015325074409,103610.65645574262,0.7467304458807168,2.3681902710961342,1.18134838369738,210.35888895796265,630
147044.0225740205,13.123928577756217,48948.45813295872,0.47203894605324437,28.565776091877005,0.8142840488301911,55.44025828569707,525
69866.9750838565,3.023867335066647,177298.68609533494,0.7237997655986432,26.778681294284066,0.3030133159349149,97.00439405934802,626
118043.98035452838,6.4631308145104,18257.714035216082,0.5104375690707762,19.671764181993932,0.6242800438835834,191.29958462789284,638
96188.43463195098,11.547995613162623,248228.2574691028,0.7128717219670092,16.5429278186266,0.9576069165390749,32.777655570514796,590
86717.14619387833,18.459744308034143,129168.95134383156,0.22496824779572533,27.57698088908311,1.4611772284728104,194.13816883087532,422
23479.277690427356,14.58103112575986,127352.49612778258,0.738843045933042,19.665602253342684,1.009627479541793,85.27025775467082,528
142011.61912659806,2.8081615694379516,101515.4032503922,0.7151240234570178,19.7518997794521,0.07348298523552557,30.995384068257703,684
46598.70961217825,12.845499008888087,290959.397166083,0.26660570704917763,25.310566926058588,1.072262001117166,19.916727042919742,432
87546.54793951624,5.434759752741979,56600.501067362056,0.555970991040175,19.597370318772626,0.4137539708129842,202.48386378214246,679
105566.83979918179,15.680331195774459,49635.80733518729,0.8553116678744016,15.110306611130326,1.3001304256100314,187.08911540452692,607
98086.50697630571,17.548817050174943,53831.792955783894,0.24952264697243898,11.691644936953438,0.6066403669279009,69.84188154809442,525
141207.97263493674,12.869125451799468,199265.60744097538,0.7359797840146763,15.094016783737223,0.3394418047437353,28.810563227757292,622
23968.970508168582,12.827252195034195,297609.1190252315,0.9539667171468871,15.674359472615834,0.72852342043984,60.08902782301462,627
77236.20529014742,7.77182886421628,74465.17526851763,0.8662419197575649,10.824956433547555,0.4200370627567579,51.9040449307885,658
61797.08982963336,9.925000423226187,272157.13213490887,0.40152008268027617,13.443552269410382,0.3919411583218833,176.20030075443537,590
72176.97196342748,18.28216707630691,87191.88496641086,0.6072077329881385,24.056157985905635,0.8812296111215648,52.51957716130328,530
19644.193877266203,15.46640661934313,196130.47643696357,0.9917701342527039,12.495401060276635,1.1626520927337753,52.64754670246241,587
21846.00226116927,11.395073193916861,16947.19082034348,0.5684374113757185,0.7667929990628808,1.2606838425318196,8.712083667226441,486
43155.18077562609,8.36464772496742,151217.92249997574,0.11502760243036658,8.490579653215475,0.6266213121820671,143.64946550597483,541
47096.28135660303,2.007594765771087,198098.14005229963,0.04543075477876091,6.952255922750945,0.146865457215562,165.66611203320966,609
65329.675624839794,3.8601480265277024,163214.33428067542,0.7903145097440284,23.80746035495905,0.7517637477750524,157.18422207859206,627
92426.15696142099,4.860503790787413,75161.43854012838,0.42362832540184614,13.478791754154264,0.6789831416911596,136.89519832130276,613
95925.10937790292,8.467670865173496,249406.5997390351,0.24681289062919443,8.409316291053994,0.33561947496690714,231.8919127729596,588
62948.012694664394,19.88287294152549,291190.2708152809,0.347672030660947,24.32114651524874,1.3494101066589743,113.98450441032408,375
62499.900195447175,11.103067897174974,140462.84822915928,0.7573728665464523,0.5765041366983603,1.4625149668799988,206.57262544097512,598
34209.02195115037,5.696803265184622,192596.18323082983,0.46524733563382914,5.227525281936528,0.12503342264796807,155.39636858018397,666
89069.32476453322,3.1150027492302814,238171.91416194392,0.8684994925258765,24.808644581874,1.203832250793277,21.114703824392805,520
48922.05487495121,7.766110492059281,76239.27288342922,0.7349255887776993,16.519551829812077,0.9862890090152311,194.61114217328532,595
7336.855473049828,17.314612711021137,260012.8626689917,0.974014150445425,23.20949323738441,0.42908257434056657,140.66886146386656,568
63923.20653521534,8.666855868210158,87659.26706644928,0.8885037667898433,25.14528044286233,0.9709763715100788,157.19263257877887,605
72171.6359133452,16.45011612044827,233870.08703699545,0.25454721178600914,28.25890465765619,0.23653262794103802,44.07435711410061,540
35387.744494223225,17.054099522537577,38069.27356579451,0.6590592328025533,1.9027379791001398,0.15063943703137106,105.56013250002341,636
86723.77410207312,3.2164153939740827,90074.07750718007,0.020543034528143878,23.97704229895416,1.4905591588257776,211.45921137545392,472
85734.2412639243,13.173195052535675,162417.88051226098,0.9911067244295982,21.262984446595045,0.9727362947650572,52.48805514762936,621
105896.32280433497,20.181921267422215,159852.01823277297,0.26100610880259656,6.210768020296776,0.4171728055731886,1.0298526623892843,533
97896.37536577908,9.042761498071078,255877.19942347804,0.664795093623584,27.951067990203693,0.7025492360604606,62.54458219607654,570
98560.09236511266,2.0188817800604455,298857.5410033891,0.8491536211995653,12.126056409191762,1.4276278643318687,117.52264535316246,656
48799.694469958384,19.46605380515757,36627.19952874148,0.16046466272797144,26.628315823644126,0.6861513491608741,197.2854523491592,477
118539.96885392118,18.673325631449657,85059.49918338592,0.8478793428104792,18.153411139947764,1.3556445714033991,154.74652523703088,578
83273.36877275255,11.442828944180036,110491.47201580736,0.012245665790822424,15.802438396228698,1.3097733370687694,220.656169080765,473
65849.89288662374,12.045062406880193,146280.9303039515,0.4419771380854074,4.7857180168793825,0.5490266583317228,109.87989915906655,593
94649.84717927645,5.234822055522498,150703.37423054772,0.47203762253113846,27.429828728619384,1.0592130559117987,94.40483828673192,560
55377.28549863763,17.389015110892746,257577.5436287829,0.3740907132587359,16.699857220867386,1.007722830484759,56.308953766375474,476
77885.40820180022,10.972000767842529,232314.99432160443,0.5863847463004997,0.1827721649045233,1.1682572123987707,53.11693380484589,613
111032.4418953686,1.6775559028511302,10561.215816196229,0.914842348702632,0.5485362321084963,0.5805972881878539,176.93026538492643,739
133187.62723510875,14.660299128979956,139231.41937204043,0.3269891143002891,23.328978150541428,0.12574292282229244,20.20583040782888,587
138316.46519968836,20.009925396054122,187331.7822820062,0.5792598871664242,4.858090601351689,0.298006899613141,59.008546775089066,634
76537.67292709868,17.583009806915005,140816.6981924419,0.8774625257433228,17.962153068844355,0.9440028471269508,212.728967030091,589
79000.71698160423,6.543962804210796,43540.35052758218,0.7729953951013782,20.43245885801941,1.1738952710011625,138.88407552581705,610
120380.8207930478,2.066501698666813,122254.85468874121,0.040733264805495994,8.380967788454905,1.1462705200766141,12.13443856733141,503
48538.70237814179,19.80702825076361,126438.43006327214,0.9427907641276623,17.079414252342374,0.8963382984167945,169.31695655081873,599
125932.58962707015,19.741254497594028,60376.19712267884,0.04664690425861273,7.207762379672241,0.1728993112865941,122.09708589299481,539
75132.96368457867,11.648306394257387,228110.59876893126,0.5887584743743296,28.389462821038514,0.0750685094194281,205.2306928720257,620
19146.795201619723,13.846348233430703,99813.20064203066,0.5753536203151648,25.805104690475012,1.1841055481170055,164.10169553736185,525
12664.753766795668,10.252001214216165,178751.2507177418,0.7863902307023161,8.641283744924074,0.846595829575301,2.0627345266914823,598
126614.99523384054,9.395307341975172,157140.40338283643,0.14844305184897766,15.864434728510192,1.1849325489606863,50.17164183480603,468
10224.05170221793,3.388968718574007,263840.9883688347,0.17937039206270378,15.018985714617171,0.28604326914511385,62.65332443502185,529
43530.492547781076,2.9350579672219204,40994.404899537265,0.7521069327383605,28.800697738502222,0.6407635976181582,168.83351710963436,627
51451.24599422878,5.65464293352375,38707.58743477074,0.14950475241162509,11.82086340551562,1.382795466263061,122.72608846315252,501
27603.17788835588,17.732814928130885,93594.30239128966,0.46944512706563957,16.866826638647005,0.29881708730839024,179.63995180478798,554
48456.2187306944,3.9166460147135997,132208.41559712135,0.7316480902109319,27.861197846623114,0.13921401052818927,123.57526050924754,681
111918.49987531267,5.5339730382942145,93069.96338188116,0.6512419287826812,4.884331535296744,0.9975277064835352,79.24492195648763,655
4173.060846890474,11.97228118644415,230140.18930659693,0.21060418611309517,16.514568098350143,0.9120776939015467,25.774894563376755,446
124421.66682906159,5.302624361565488,77353.42371724341,0.30396025868608556,3.1701876108548888,1.4304442334937133,49.426681581827964,535
128769.1074890346,4.264133694355742,30008.549117812196,0.968974903241041,18.524967954555017,1.36437921052957,96.78643920261793,635
57094.71283234913,12.266324833959246,127070.94391582353,0.4486706201548839,10.97049610161014,1.136674065819828,132.7975796554451,533
24734.70906097395,8.36186541993231,233146.89000085279,0.04445747643638054,29.02908219538802,0.07777799492346567,225.3343393625588,558
90924.38037587197,13.523185716809383,255915.77335808869,0.21958489946633264,12.46227543445579,0.7465611041895123,58.29312231889378,540
19711.538268004362,19.244106808173527,221336.73026718848,0.34243508966183767,4.085629126251204,1.3493478079787062,160.19430052775743,490
56008.06543958137,4.019862628701353,169576.5701574245,0.9994894042945859,25.019998827852124,0.6787940777659921,37.4584728468991,654
143847.5187733439,19.26867319626128,218636.55201600713,0.3026915474769186,24.626000742687424,1.4451112934388424,171.58699613943784,486
149328.74194237828,19.04979934845837,206009.9129146391,0.026395848782544973,20.845788586283533,0.9961075719337746,3.7104696374109865,432
116271.52392047866,17.581751666718056,74138.15658604295,0.512921577555336,22.46435405652684,0.2087128349370515,157.76486803317815,605
48022.3034682734,13.625718346121705,167473.87319994214,0.08360538497397707,7.941456530682206,0.7884445090206911,40.009019954771325,498
103774.42727658169,13.402933149310948,232329.75312833744,0.27406759869572184,19.26160501268344,1.058644846685464,44.097542685016776,498
106400.14209163388,13.784253198730031,98550.59525316577,0.9923831760939391,1.1405961361618089,0.14478500974744998,134.57892436218395,728
59400.570884220164,14.809911024356262,197922.07828149476,0.7046385189301544,5.9067043167010365,0.5497418215026127,90.72335947218227,607
96851.51791875159,1.3296440119231403,147036.72611804557,0.05066662928287036,27.9683834265926,1.0897675414282801,113.64193098164985,481
3587.691456400084,20.161851583212993,153431.8610287809,0.448686718591796,22.17705891247976,0.27775347534519945,74.82444293094564,494
32940.533473131734,12.712075229311596,31566.23614573712,0.1716375126288493,6.920176229677734,0.5550928524922578,228.8786248372697,529
79713.06883915466,16.629316788048435,201534.06376508705,0.12294465640212127,3.3414926855786433,1.0503699675774891,70.46680791957142,505
26235.19303022779,8.545636781227262,260377.6754295834,0.587065413348802,28.467583346055047,1.174534307702965,130.54933451178448,524
26554.21644572698,1.2479442783159191,46722.22996762952,0.5056558896402157,3.3656299818039823,0.8018421010468598,205.190977774262,618
125773.03500143522,11.19469319752888,113001.17035385256,0.7428665843155082,7.712101441417446,1.437443415165014,159.73921413033625,606
148391.6843971736,11.14380238631858,19356.89917804633,0.8923062282318597,5.479019789983715,1.3917297452585449,78.14369032863124,632
84283.47534821037,9.739785766229035,13741.406363035376,0.24668185743166193,0.2239146123530389,0.7364837281662885,133.03236732466982,592
126182.3201704936,7.794341083241536,296949.2565181644,0.9229919866553971,9.424043222941322,0.28239789466141746,20.834879169621853,683
148567.60632028835,5.996521756194441,150574.09495038347,0.5179917725540955,29.225366147962877,1.1707507676317397,131.41905024713844,529
22956.191508178654,11.550897489943656,109878.11049739768,0.25883491818511717,10.257099174280693,0.4025523843200588,104.10199211649653,562
68340.35076164396,8.505562793869881,86088.73760438059,0.8457858381026093,15.129146384033211,1.2720908994987021,182.14615599055313,582
60100.76194460414,20.398637660996172,294103.73025876295,0.0355299180290225,22.37807351765344,0.9013592946748925,203.64877950905398,438
13847.293979635384,4.458546155338629,79413.98172889669,0.5595093774729606,16.53240306237648,0.6214348592767326,48.70834867373793,572
113788.86557362218,7.3933113525417395,219083.97674263426,0.7216215350299666,22.3077452223692,0.8567558699446891,20.48708140512237,588
66199.29604374376,6.8792094184914205,88708.63826275048,0.27997768715614324,19.849076045715456,0.8225727142639945,94.34311851751572,535
71460.3862601794,11.86618352471914,25794.404080291137,0.8634919175632179,18.256890689970444,1.3908626265548807,128.66194755993075,611
24299.60012435955,10.985605139482958,206566.6012827927,0.24028456335798487,19.489467216352356,0.3608264221542661,91.0556656472904,490
28777.144530168483,13.874809308485462,5481.100050810138,0.8398742827317391,23.97493086234753,1.3958297561999309,151.22611986854113,556
136251.33607911982,20.000035411484156,204345.810910368,0.07854496383245724,21.305741844033125,0.09544451011679048,121.85065585285895,470
8608.065168193276,6.704421709877348,78861.09670199783,0.1599275918684313,23.753247621155744,1.165344758222961,224.85362228495646,513
36462.13817166852,14.85543138509993,225100.74846109285,0.38098458390190815,4.36792914850594,1.3835187895317695,98.84447847338274,458
45224.780886550194,1.5008040601036723,232076.29936844157,0.8540555127981793,20.33021198131621,0.6213756769304679,20.716107334711197,689
74549.23627543479,6.247769454672491,218611.63545117367,0.14458536512678244,22.110657369765995,0.15594742114313753,73.16247005281302,543
88793.8856061898,10.274394559931856,12222.615232945065,0.8754382397942415,8.998992974905036,1.2167679206658797,145.80863310481544,662
75006.91642589866,1.6198957696226892,212602.3027949117,0.22973152661279372,26.23731983529847,1.2721540407530159,62.18999856709358,511
14449.06951441854,13.353389211072779,297092.95614645013,0.45250839859452874,9.141348099081013,0.5375732125832576,65.28823998154648,546
38062.783200245605,14.566212168034165,76574.48371505876,0.35273440426033775,7.3149635812949185,0.8019602642445639,82.15782368134185,524
126851.08094485609,15.934634296760933,85900.37880647487,0.11812622661452354,26.012904464415335,1.2237301486147167,179.3278853982642,441
96363.12767081194,11.331490096860245,244990.33212625916,0.9443097395191401,7.410595143492801,0.3284623170126733,225.69184299625678,751
98074.0594198726,13.078893299572533,52317.05749154377,0.4381782907522135,12.465073872954003,0.9620148467673415,84.74001548961941,540
101190.08179200054,8.921305025569744,199872.1842738427,0.6903312613561945,11.037684901104567,0.6744144562979377,47.721641502757564,608
114909.6468178503,1.8250606501312507,227732.78136267065,0.5752676766640311,26.94185467674817,0.3029028407686821,101.53223156793763,650
10600.055294774205,2.999037115490261,15962.395236710367,0.5017159168522074,13.657072148638928,1.2555883005138915,85.08968662213064,523
56258.04097002663,14.099918484029283,168359.81780824173,0.616577623556849,20.82926799888647,0.5207872066898938,237.61595447543905,597
81850.06041872845,20.911105991715527,174883.79126808545,0.8983423062024289,23.82116713931487,1.4049178676997736,111.86451378580021,530
52091.559528004254,1.3160647832659236,94515.65473057929,0.6993123756941095,18.837107422415286,0.8749541112387129,163.34872132203552,617
126982.8732465036,12.151669936527655,263521.67747226753,0.5324800794552211,28.31083494974744,0.7960394730078706,219.39534792811992,568
73420.73127091951,16.02017505765116,53011.16719345763,0.6451859606659763,24.075225877680243,0.6637936191180707,151.34571698996814,602
115756.8832399881,17.535496560277572,112437.43930422886,0.6063942805090216,12.006198830245895,0.6309727902916429,60.601455505845074,581
128098.29649841302,11.904098024452802,255357.26270846216,0.4331212074863131,28.524355297730494,1.2360510985138007,146.17101278465398,505
76709.13946971772,13.398319603682102,61239.61319876779,0.6247640101304504,15.737244998140024,1.0323762317548826,97.04844431956275,555
136613.73209295978,14.934498905491068,247305.37021666413,0.4435698001641636,0.6773196883468768,1.1718506901289625,101.94161879587489,587
88894.34319947312,18.17932499386861,28325.407323546937,0.7576143778719123,7.800398389586904,0.6605720314362525,235.0585749475268,625
127840.59622739082,3.445790744056373,149322.57482104705,0.9689124835222855,18.651887611117996,0.4290839758189664,67.58325224916977,716
52407.43774754559,19.523643925497268,27222.545421482508,0.9598653574972292,4.704447069733102,0.17595456686586386,113.07550000831628,685
75824.90986265981,1.5203480710314001,204981.55759314672,0.8207357864249805,17.522041346796108,1.176151185476865,39.20822392210887,572
80648.8340686775,17.723995019155506,238227.43927140208,0.6017588970594852,10.847940669225894,0.6521508242506711,43.67206348583181,608
17536.997952618447,2.5348085311939452,255708.27173280684,0.7493319880707405,16.03156440174822,0.7883742085401904,145.2327773565143,663
60985.770991828016,4.8925642320984455,294472.36396947666,0.1780482952575544,0.05624543619758615,0.7305476910357158,180.4927542484988,582
137765.97553764808,1.0778829276226523,203244.6380783781,0.47901845731392256,25.452640640060952,0.6751498917353983,153.113909794426,597
95363.17157398188,9.905134110720814,231873.264582806,0.25730476499136434,10.85776463326585,1.041654386748382,79.69887549881003,533
28270.97420067119,7.687184534347845,154198.69210479216,0.003494981109347095,4.204753028338591,0.9326644678499825,15.248743243039726,451
52150.63407022154,4.319858229740547,274257.3858484322,0.966737574672076,13.1374757101524,1.459478008034243,113.3930630535374,652
30357.245430079576,10.021803216078126,194908.72274884145,0.8638485618518413,14.585318804665024,0.2514106660913859,121.52044708945739,653
5673.823506188735,9.047417663443676,265647.66484414635,0.5136986184699268,19.122081314885666,0.8816030041874393,185.18573430239664,590
139264.14785859594,16.35322065397483,74458.34501909485,0.2541522881190068,15.736873210568392,0.14169823693335526,154.02920538777718,571
68334.68458201698,18.86260612140065,151537.64531182896,0.6929752101992367,1.3057074620118791,1.22148170712689,209.23081199663585,593
47515.19071827635,14.051345035341637,220296.58171382218,0.4348010845499275,26.145369662332943,0.9436514332140851,188.1329080081269,541
90574.62435054501,3.4882077745304776,64802.91759599157,0.8033495334226994,13.695267953608838,0.67114928318918,88.44479033081629,658
3082.539531366314,6.907815894197013,67345.2390122836,0.9995181101809494,2.3096331759902675,1.2132416992337218,152.1009202224029,662
43147.27177692045,19.266365936645595,293522.60841966304,0.3490826074898701,23.184847095875554,0.7097537823127885,179.60148053977525,524
106048.9529234361,2.774689860157783,133210.0564174758,0.24440304347804775,19.804632563492046,0.3802898382044984,229.69440823228604,608
95797.92641425092,9.13711678781653,58635.55861251264,0.26738248879475823,19.483133183076653,0.7351261036099885,101.94216686671676,510
147307.28023629525,19.850092384669626,102781.84518454428,0.09334624568067196,12.807420052066831,0.15270610512414182,155.9393961623615,527
93812.94102939052,20.013296829389713,122225.96373844804,0.3940461965001554,12.314911878629651,1.351898608977112,94.84665663231057,498
72670.86929690445,9.224063540977848,188810.15095371523,0.017425052716909306,16.090159091620283,1.1098896433649685,177.3409347498791,495
114692.01935123313,14.347937761975947,277289.324419087,0.1143955574012756,1.517832386973098,1.15245789001179,218.9663679432232,566
135692.52505067986,10.13491196707998,296044.07239701686,0.2716957472726703,8.968732926537626,1.3180152908267413,220.69501775697844,556
108663.00011431603,16.069210788726835,197251.1338787782,0.15986277590948073,29.636825206871205,1.1977802537818714,38.5439166556149,387
144555.2610853082,1.6316266138599702,211477.0964353288,0.7321590995007252,19.865774673842274,0.6761862558674877,49.779086831390046,604
117736.76526925023,3.883142978427169,99939.60506049376,0.10560479086790031,12.568024962519663,0.22202278221190197,181.42813873876187,681
130286.61286276512,13.283976070871985,257861.78565738097,0.8659941050245247,6.670893088213591,0.5913789309723815,151.81136274023407,702
18887.402535178306,5.651045248861272,69250.5088899929,0.22111450371095287,22.356280857007004,1.4044228358505972,217.3206415583342,487
110397.19844308058,14.321045985382971,36382.29154673543,0.10859061697156769,7.808709291185742,1.4261812122855004,75.99833370031297,476
67133.12753005055,8.024458549225967,292110.517078807,0.010106644431258527,4.871103115388861,1.1634127550095037,203.67697386395685,489
83859.36275686874,18.732911162556427,259920.909662057,0.7152050043221464,4.635447007028618,0.34642434545351186,164.4224298191425,635
98807.1566033888,17.38518771119973,94575.31468874933,0.256616745938542,21.877898374941974,0.3319522947730329,47.71405812742727,553
145532.63727242427,10.856756001375643,204175.36133240952,0.5094986051377748,19.284307628661523,1.3256686907770445,31.232154189957782,543
147717.55605188044,16.457901741897153,142770.41543689385,0.11161604667215574,2.0941829811369184,0.2557780883661309,168.95094088005723,584
44657.78033220998,6.422757724701808,100322.82081291391,0.9852959232362493,3.4512844608660753,0.8969993421321094,38.87230154110005,639
110595.51762081159,10.885195536237251,89598.39217428699,0.1253847390699553,19.015406020607312,0.5984649393046484,190.84464049861242,534
112997.56361441975,4.949641037265563,45128.096340167416,0.4119259266418782,17.13348305616477,0.4879159615437059,134.1457145904288,611
53280.94347433122,18.217723370419876,167048.83427137256,0.8516495023344659,20.579971811154405,1.0322039372316216,114.97122792860675,604
20332.72667990471,17.461352331368296,136746.0235846648,0.24488694848040682,5.341167250897859,1.4413751611453098,66.8514395852193,445
8060.1501222865245,19.042993368180024,156094.99398848356,0.2669717853461734,21.79763718651501,1.177568920448433,236.1390971870415,429
117046.78287431842,18.54953962448519,68530.36440642431,0.8084995158907329,28.08289401991649,0.7549357599972533,173.59793950761582,586
74475.56178890208,20.191925241189896,281890.1478781081,0.2733396571920127,18.031509436063235,0.6890316868932138,186.9572116724056,518
147859.94508524908,5.566724632638519,193384.40291750975,0.0028713110948129783,5.883900589283516,1.3661130730674609,184.72191171201584,509
70816.07151666065,19.63648581590631,270382.1939280844,0.4279137204899498,20.386315658523195,0.8882552927869433,140.57972294520658,516
146731.71290292835,12.424263827039953,37234.99397966285,0.01253520967847499,10.292450506381932,0.7701265834459831,225.5880232281718,579
62913.24832472086,9.449901678363043,188741.03492757157,0.9097922838293668,1.4786323915716426,1.0401120108205635,140.53333930845974,669
119464.95828287594,12.20747791935746,255591.23650002753,0.6418132241792209,9.070160860574955,0.39387303483781333,125.29089483989172,638
14553.252302151144,7.852047133005557,102621.63004526767,0.5830142662212422,27.16755305850396,0.14241645698357552,66.41679573906526,569
84208.33310038906,6.771060139219042,62567.23489511599,0.2015895108623631,12.334179605279257,1.289911588703749,68.33488484215995,466
120704.84847388718,5.826286759550575,83181.28521265781,0.6999461854286363,25.939960140932772,0.9305294660142125,177.1152535297084,614
138855.84674854352,2.6485597891425363,85515.4493911907,0.6772546436783458,15.25978030568375,0.2890717967763498,81.00941377186571,696
123742.29741137988,10.931297942943749,136923.69465244288,0.060463573925364944,15.509339668788,0.4821694934260834,175.161868090056,534
7471.667625773785,18.755233514277748,101159.26281990281,0.8808465308105725,0.15648963194683008,1.4854035932548195,228.69691535674318,635
57159.94651339666,13.603039385487694,85025.85144885743,0.5794133629298055,19.113122198669164,0.9699142670723002,105.99447739012336,558
9207.373902449988,11.41951265511547,196311.12802951568,0.7924668810386102,3.2344153509126072,0.9723626044023276,24.26082864823443,552
18173.779084954585,9.571858365018329,20644.549643205915,0.2629140721288442,14.36245244046163,0.15463731165264694,160.30460903773525,539
101945.23304278764,10.288032526343839,105407.31455122033,0.12204779975345414,7.8095056697429674,1.4550380146537012,3.2760045752210654,445
107562.21305413132,5.185546951439019,208476.82995244008,0.7024495731867846,11.771488974879446,1.344535189860145,189.09384158407892,660
116510.66104724069,17.458717543861944,56875.67603789675,0.7938826862551621,16.112320670004024,0.8442845412816697,126.6310949722537,625
130087.5691122381,4.9676592656305605,70173.71935280916,0.3860335336192914,0.433923438059185,0.4986139288537666,118.04599675806853,697
111435.85733452346,15.33245513454626,64196.654496810654,0.02369227531631124,8.537507498148685,1.062180081159833,137.09667637806726,492
120528.99563178154,16.199700229923053,5273.201485764451,0.8182540246538645,29.688358028755946,1.2583928719842101,124.4216420003971,542
9246.629053845329,12.497380840554685,144761.48679031394,0.20609390633044067,1.7219737746167885,1.1898760442437175,78.38276795924942,463
36711.20226531219,18.25852749909657,16492.84287775634,0.3390319418974882,9.58180464472105,1.4667186894694244,68.28062941333881,462
94040.87045953637,6.821007049013001,85517.24447359554,0.6282310077771303,9.642644248939447,0.9734403280670667,100.25609308911095,611
129002.54508447382,18.632344424857266,298467.01025463163,0.09995471921130272,11.381577627982878,0.5157768757603547,214.88331837782044,543
2666.0184910695502,15.588209191986083,275926.88236013846,0.07199576613846315,20.54342755327036,0.7719950389493737,33.35353988929448,459
78165.14263321977,16.974996555235215,68447.36340611859,0.02570377157527426,7.432313960488938,1.233659893528394,78.61873860809341,446
102238.53510593079,14.291594190546283,96450.71741461016,0.9166398602394554,13.808080324081583,0.4347467514622972,46.95980227990765,681
6381.8787910347555,17.926860339799386,141792.8517692227,0.31138274426865564,19.345907005573476,0.38554196966878757,103.08573744023428,468
61400.622517901415,20.86197725435272,254101.99626447682,0.6606588151171319,9.669661749857658,1.1010101414733826,32.90612217043791,584
134553.96244478715,9.403257090492772,241780.55271096187,0.9892352490177422,28.46317741509764,0.6944197684473457,182.83015172263347,659
101398.69571066709,17.278313674191406,42241.22378705324,0.6694507935619435,29.39017904828044,1.2340270730250977,25.728706827713356,506
37173.4377773684,15.891595190360672,41712.41026276388,0.52509479585618,3.590207030625334,0.2583411999305339,159.9976403745277,643
128211.60718552307,10.05740331424036,127936.01489874317,0.5209199335172385,10.314596532024304,0.5367598715666397,64.9827676436966,609
53508.65066460812,19.53897999465024,261678.13993606277,0.3769171484555517,6.23916209419426,0.4387448645556467,113.8534092489814,577
128295.0113293208,8.888518591451895,265215.0747331732,0.5997796559550853,5.603687866713455,1.0619088146960967,48.79712285049239,626
46243.66036559802,12.309318325524751,36672.9256575264,0.9587913895457043,14.729395150148385,1.1510273593236418,175.52345939469686,603
89367.39713070606,3.118847139819231,174417.69994983773,0.7880440336983101,16.914813244046368,0.7112039090355067,227.6379614351295,669
60747.13002667944,5.5155038813253245,50924.183151908306,0.4242266170332375,12.769561217927976,0.7431425957784566,53.997123686926024,574
42674.10751174992,17.813923410675212,207408.1464508209,0.33244482903253325,8.17664619292082,0.2414462300442377,228.80361664336596,588
133210.51920143663,8.931054456576947,275347.8081390274,0.8835315296231214,8.35864722760919,1.067650736028926,78.74043844173272,685
29763.864927044717,8.881681788305164,139156.94128030012,0.1357858256265938,29.763844690221923,1.4888605687189087,134.32547292540448,430
14552.115502892939,5.919620363812404,29509.418534155193,0.8495852569643018,27.710321219707517,1.1779866692061236,168.67999830945269,575
52605.186904757735,10.832206685949087,175879.98778889093,0.25507676134233237,2.276965229680715,0.3735128686220607,48.62519923958128,589
108210.59385095199,17.11633922701245,125512.41769007713,0.7156292357759177,19.696519559883768,0.9535279724116417,107.29858104639801,523
121499.8776844897,18.903282355474794,244215.1319385183,0.80622058077483,13.706328224545329,0.47768737546316675,17.210767878707973,599
149814.0187698812,2.4022886408836777,105401.61685828438,0.4769965172634726,20.66442291597486,0.09375600172861029,167.59585247069677,687
45861.584437652404,12.49641462480231,263094.67413941387,0.19228397614227433,17.908821166216605,0.31074314070095865,100.57125261415034,554
62375.40876742976,10.34546735784669,85741.62025226153,0.8447677434623754,26.677572002472523,0.19876067978256995,214.10304330086223,667
22249.549148384693,13.285637009431568,51467.702587162355,0.36750834505331476,2.0096494286647504,0.3341022026738815,66.48406136897997,613
87081.04558420897,9.945513738165383,95411.71130898107,0.3206802604825193,10.487937361731166,1.203626411101055,221.74071651341853,576
149641.84551491175,8.972896417068302,15300.15858771022,0.5100161823534396,29.56482377326754,0.474606594344126,34.70852287919996,565
105730.38949785745,10.437614248589787,87967.56022790118,0.4350862411039177,5.468560469718503,1.1477079288704122,146.0649853773181,578
90091.50038117902,12.639982575128283,199734.70199519905,0.6830522170387242,3.8200031851994165,1.4258507045220177,74.56615498945075,583
60070.62575242551,11.019664220635535,46973.47867419474,0.13719780837266538,21.869160180017264,0.8826960168482733,44.44580501783568,455
137464.2165222621,10.442889020412924,37852.66697204345,0.43568965404787297,23.323054800523906,0.7538429659145791,23.450984040880552,580
75543.65622729172,17.356706199161614,44053.66092003336,0.891701811225204,20.168206430239806,1.1376844046058825,157.6985715600569,556
21886.303170333103,15.912959824757156,27877.74390713258,0.03606270943972545,23.28587486279776,0.1907807028449805,56.727136048959665,472
56076.01255347175,7.827569883623856,263017.4464936672,0.4573383331533264,20.811647162795165,0.6709075268530835,137.90264448498039,586
11940.6669894695,17.01154235030641,283513.9590714758,0.6605319663852102,4.073120468675303,0.773295662651488,235.0810747576314,603
31892.89757793967,18.073013380090003,18735.539759991952,0.8877110870419853,18.24665692435521,1.2550244000776476,76.51487504680804,526
4614.979587987006,4.06984410748381,229221.17555534438,0.5937862269331757,23.306300476785974,1.230615607335384,9.351682374298186,508
69085.42764202418,12.653649234615175,222459.76528157335,0.8244842712393285,25.965498189734035,1.2799847717824728,35.13460484074451,549
95911.95921286599,6.706239871984275,299088.2802599619,0.22269101895928645,7.38705728051123,1.0619157454081676,29.517960249269816,522
52807.28443207835,15.783446438534451,107621.84520771512,0.35280943622785954,3.8229228281561567,0.8193059204180146,111.72476300205136,524
64216.50218278101,5.775706587173665,89225.15254867278,0.9421322739280427,23.43271330747739,1.2504250159479042,178.9714861488899,645
143962.97238099723,14.428070483460637,138659.22563889902,0.8859751130926863,7.696450351069961,1.3162595021201409,71.85020820186415,626
113290.54199308749,6.102493121152678,257689.6772590112,0.5579529826887045,0.9578843496266198,0.7467026593552799,35.85642223167853,662
82046.78226785279,11.222875268598862,219935.12454868015,0.47548833779484523,24.756406909479125,1.479209766438719,154.14325715261353,516
44112.049516550134,19.972929358323842,144129.0251204133,0.4510673914544585,15.1797340143258,1.318486281219809,72.98206991496895,513
134755.52621840328,8.62615076912869,77146.03876933259,0.05878966156701604,9.798993972852658,0.7901810148610415,138.4657134856236,576
36794.3732983376,18.514769719264155,219469.64367416946,0.8923771039565669,0.3428731569464749,0.15046701325330425,224.17498776178772,690
50150.724116468205,20.738891624077894,257085.42607244785,0.8181495084153355,1.0598233412384306,0.3755134737642496,70.63192222743976,645
136541.5925345964,18.497016976103264,122985.61316490981,0.4562511447278671,23.77869811680884,1.175777940095613,123.48549586221819,493
80372.22418219071,4.317320594466857,202232.70651719035,0.2794399727194734,14.691176548945933,0.2111736726480929,193.8280473578607,618
111863.05651386055,17.393164390703262,123062.54624709646,0.34292060642653055,4.491661478893805,0.7312100961629316,166.32062888693312,548
89430.22953623738,1.642987902011225,146155.56425173802,0.12316058587288947,10.755168817470544,0.9270356785518549,180.6032837722254,564
98709.00293340528,8.866037673986156,159848.56208669953,0.7217897413057226,4.9591544261256875,1.3236029011372472,185.64408059060796,642
46308.727144194185,18.414667466357276,233839.11513657199,0.5566698565548577,3.3864465954115985,1.2783151011955458,130.0399288598363,537
37723.06512074611,14.775044255198397,293364.2653180347,0.23410342282489494,8.289234620224308,1.1582029855366125,129.11884378864136,469
49728.86738096246,11.654808546757561,136088.01797827854,0.6230055720776897,16.485256423871924,0.6411566517862386,172.81460972717895,567
25005.351484346524,8.75728050165241,105982.92684304375,0.9792302142549747,6.300198234366807,0.25626141879633074,167.73793655713982,765
131398.5260630395,17.24593892940572,115209.34690935543,0.1223951354761792,10.310132438543013,1.0209914988588793,161.14378170309476,518
43920.54612101688,15.191168078964418,44497.275465678584,0.45848501062532776,14.33792651869379,0.31286850260828536,92.3301914220966,551
85100.43037332893,10.368106392313466,92596.9276562282,0.4941588209221267,12.600892175494558,0.8639060009424929,199.02169229956556,608
119212.21492092336,18.849686744193196,30501.98691429784,0.16679721382380241,3.858833973638689,1.4719833645718494,57.45249055964254,515
118005.96818760561,5.598960356372648,131228.8076378779,0.5315802109973148,1.1659690660766453,0.8479491749205481,38.21993995829823,645
66881.16627046056,4.407830183172498,54370.39444675942,0.60597725854809,1.0637618084681677,0.9860574575276488,83.49377036865268,569
72486.0816708354,13.856075286671631,107189.99006245057,0.1573445388184953,10.50537054083602,1.032484434278452,61.66566645678448,543
149215.85884238366,20.439886854035407,239105.43607052387,0.1547238990088764,21.564062356119685,1.2540631186294822,159.50062041655437,420
101840.42659289556,5.945131466135406,77548.65692379512,0.856348715633756,3.93765896187812,0.6807219832552207,56.21326642484065,682
122566.48958144664,5.99340757867653,185508.91329591034,0.31138743667004487,23.609403490932767,0.7713893565261217,157.9010713658577,542
135577.98744444633,3.7899769592437984,270848.51867834077,0.630333387078631,21.470229279415104,0.3051594201906554,123.66024796694845,651
118563.29576194221,18.211271105472644,172244.11017371633,0.6267730756752141,0.11830472656833568,0.941285837219378,37.43556626998705,597
29406.543053128004,5.527950808226682,62168.82076786173,0.839170875582635,0.8024361894553533,0.47884910917036433,62.756707124924475,639
85201.26859316068,11.063570534497757,106706.02721995652,0.7398946312315234,5.850996466141549,0.7860558858886144,125.69270144847026,641
17080.33528255264,20.817449560044093,179158.91611929948,0.8405764334382778,1.683627331517551,1.1615079305893519,176.21216763776386,614
98632.47473147177,1.2428180184408713,154450.28622915677,0.6252147896506657,15.940293158109178,0.07547636178888058,96.18214295774756,671
143391.71537179602,12.129721810215882,48842.85170168662,0.449457160513994,1.1888178437524732,0.8676775135473411,56.64700148055156,573
77884.34551641648,11.245780854098916,136804.92168371784,0.3935665213130747,24.07937513986193,0.3014952751005001,71.52369197341552,554
66079.92894442954,17.148947528203095,165204.6749985233,0.37902976666143584,14.788862068374316,0.45510584268658777,23.73300823634185,521
7304.72720988815,8.105630791055539,83863.15076498387,0.4183930979091578,21.838631000174328,0.10033425612614699,7.010730760565702,541
144046.6293047246,9.20682717798083,185671.42702525633,0.12930925215377032,22.521076528075234,0.2957210022695582,233.57790556724814,562
17244.3972512635,4.358759611977273,25697.229348136905,0.423958371003167,15.202918190106981,1.48061262026637,24.041974313453778,503
8079.705809117347,15.816304632715733,104299.07490182745,0.38944490720262115,27.760886287603984,1.4978580037390024,30.848075481445356,414
38417.858502730895,16.694178183762965,242261.66566938447,0.03457166331823147,29.70722321565924,1.0937794838399888,209.16041633403458,393
11698.504219920598,3.733266415576605,81489.01626790586,0.27513075532634,10.776440580436375,0.9371924394182307,159.57775133690268,532
69357.44067694082,8.869141479766435,183527.17075090806,0.7519069747402168,3.775924207477006,1.1766600819939343,105.22133496763298,623
78380.99458605263,18.85809990725366,125958.76554454202,0.5779455714096253,10.897145359436006,1.3500036946684846,156.116593968478,511
48260.35245623042,1.0541454735157432,98355.7420124978,0.8061674967560302,6.700616910428103,0.8029923363698419,224.46137282376804,705
9542.151421083137,6.9751814124526454,275258.84793345793,0.5426880443807649,15.930170011852503,0.10116179915566677,24.75117743313372,633
18516.85450088555,12.100845701050954,106262.20683371313,0.8540837654752674,11.351628037572043,1.0786239398410764,59.2469354949044,579
58906.64794250936,7.681877193199066,74819.3909386704,0.7960670996017167,14.413482428603727,1.4776736280050127,206.61179642950708,573
10958.210722327347,6.440903783553388,273243.8881138798,0.09828457014224712,22.895627282280046,0.4241767861593439,187.57280352696458,532
105332.07939026719,10.200749698064252,225053.5850010654,0.9770063680159924,8.220629236255565,0.7220250699185949,238.6273564521686,714
32639.040145672174,4.630462162193875,206130.9155409682,0.014747446901328787,16.124241739191763,0.5738478815243577,76.024206802254,504
46706.5921799785,11.592504819189676,19612.807909728363,0.5968380379296185,10.054837479860652,0.6161778666333019,226.8278489161123,638
60330.615022358426,15.133918426264518,43705.46341115386,0.7925115093167623,23.54882592361984,1.0960299911192675,83.141630679506,559
63658.225694233886,12.505899052570044,193310.28932385053,0.33189413985090344,19.18609897223089,0.5986863651462726,171.90727269333289,551
2245.784735870479,2.862186617170618,66782.68677524677,0.5985697922971579,0.2551419153183221,1.4145719819151537,211.97556448155916,609
18586.414907807237,17.888172283311466,71563.20576095593,0.3621225308474483,19.80154023315655,1.1950047579571625,41.81692076674846,485
129689.15543364995,4.499556749749764,234845.86202636515,0.0606149750075019,5.10486024199747,0.09008818637715793,50.14763855341287,639
2182.493251762404,16.296240012222572,89347.85990689808,0.008461519089330904,21.73421370609118,1.2368958789489009,139.84911687973084,414
77208.76866030552,8.211302215517009,26118.25413481522,0.09486203011118832,17.020160005363742,1.170643262536055,202.67412003848787,506
74446.2969630668,16.655226961122047,15747.424456409024,0.0984095941200468,12.04448033169524,0.7989159061527886,19.86893891808469,446
51297.935829574395,5.125458068106916,135737.5062373599,0.6108897773937499,20.821992876217756,0.7703852252822997,204.36051353166093,637
65836.39898167455,4.733242073908595,187052.93041697057,0.5258652309625133,25.697798576063406,1.2615140100270823,83.00580656127806,530
117526.00835393448,10.940516924349645,261321.14385058187,0.45546330017314207,23.362311415862195,0.6659386692864007,98.08816073942793,551
126498.14851981355,1.6587202939672099,37687.29653462859,0.6919214756024176,16.361378297157227,0.28122039777528274,82.2268018693259,684
40531.584425457004,5.505946775646668,63018.48375504741,0.016826137012448394,21.680829607785892,0.5037033076310973,218.8436972012373,508
49728.58526322401,15.480245043686965,161291.18021770398,0.2709834814157309,12.417436631782607,0.43454348486835953,32.259844053298536,545
37887.462248193246,17.74766956610851,112411.96686138265,0.7773927312876279,23.67078364689386,1.0375355929946029,138.25160100114604,554
73019.78328155764,2.615707278756209,147348.54811742093,0.9099771065171185,24.871556748684544,0.3093663575592256,36.39783126956422,669
103122.23693350432,18.641554188762086,277616.77145034354,0.4383365962375816,4.118815106291962,0.9849200328275702,222.93411659266707,580
35781.42556858624,16.95034408106358,165743.03789008272,0.08148398013846636,7.140940787818389,0.7256520735324548,191.70558393501304,493
50948.88982412027,18.393685914139308,127460.5801305624,0.798728739228488,8.099662120474752,1.2675083476470836,56.8828065483976,505
139696.92340319426,14.968571091576798,296884.7724764247,0.8851704332727336,4.9824515694627465,0.7532481776653286,72.1690060730687,633
9188.254897349794,14.483061345879294,24238.62262036321,0.41366027069371947,11.776050206922621,1.3982157051256052,92.18216338307992,460
70193.9015754558,11.501864666897276,279973.4672694957,0.24335525392027701,5.790996343488368,1.3556802354341022,97.89482439560932,485
107310.59015632312,14.0557444898263,152990.24340931748,0.04397166822294529,17.866179327798285,0.31866698970083307,196.34494321306119,549
24267.193710506162,19.382193291332104,153608.11964130576,0.591082821894856,3.048463286928478,1.0449412109102312,135.9234719188965,570
9011.354960811314,3.0104400283341683,276979.4785899467,0.9098694905624992,8.097574590802692,0.36120588622512406,103.279886259123,694
22454.39500250255,7.315289556921824,154660.57397995552,0.6778880255203257,19.965619378390702,1.2437912440341636,172.94727300778834,593
137985.83264254106,2.4490994719174366,134330.0917063939,0.31724859789473436,11.956353694000477,0.9717985740780253,110.42970544616978,577
3370.4477095262655,19.89610343888077,85384.13467457371,0.6428883242899669,12.64388225560223,0.4764706567083941,31.649364035464924,541
29871.65227208007,9.90530931998776,199350.94621113915,0.8320684074480255,23.937757588751676,0.4112292611560843,26.68991504041728,597
6629.959909443393,14.50688941352377,173045.30183902965,0.4758300593494579,29.535346598729596,0.6728875998158735,78.90364647104605,513
18373.161199206083,17.82240129008643,68231.90389959601,0.8197484899978386,16.95203349762639,1.21104830861864,145.08598679002614,548
93782.09442098785,20.820004961529772,214276.8099430908,0.3919096766663541,2.3720151439082326,1.204434333107205,33.22707730792803,508
37762.5584933847,4.235649155845315,195005.62291430894,0.34850567859577064,3.087089226709078,0.09839552705465643,132.48206679668036,614
86243.38346374016,16.990252114364573,122213.49584092954,0.582988625878554,29.05502166088248,0.48831646243280513,65.4367051092873,518
89348.91664938667,18.748457962734726,6298.271961547418,0.46468641769448127,20.377047382454148,0.6631338970310906,167.20380633038172,571
127716.4292972873,1.9775075370175124,136741.43930197536,0.9771119204610832,22.57407355001458,0.8990939194941526,7.754785581152583,608
2701.72615095734,16.081811203711467,6787.144553424259,0.5163894235281747,20.272912730566244,0.2668141627813136,113.09660012385694,581
128298.67998267028,8.094506423931007,27124.554343216754,0.38517202891602154,5.388528050854599,0.536160379766941,13.49113161440159,618
93629.62479119215,13.97193582940864,132029.92123184603,0.39493354312853624,13.45086482474286,1.3341156798235403,79.9913582908016,488
26086.035943533723,11.280963920777296,29166.36583467167,0.5479399506131166,23.94241312858097,0.7409938944497918,4.722459484564109,496
116394.73344402203,6.194845041732739,86321.30296721404,0.3549120380081954,25.990888888262198,1.1290076777629872,113.11460377812558,569
128612.74818500668,3.704427240079721,198369.95372489566,0.722906601964936,7.120065442391161,0.7529288344196929,184.31679256624477,731
39630.995595615284,3.338944661784166,96041.52606977861,0.3806629277016409,17.87885372501462,0.7242247357806723,24.95258902128075,545
137981.46477359676,3.066457154169834,299306.3352658456,0.3841443865252431,4.713057082153601,0.9517920113710809,176.71822338657248,642
69259.69968420136,13.755800802691555,275309.10000491946,0.6169732493768046,28.748306193652546,0.4260785426749454,140.62266883506715,560
91306.81924133158,8.028217027990761,177666.4218527295,0.06084687269600997,7.566128669774628,0.41221304399406244,121.6006602795088,572
147728.13097541124,5.332668764117448,290249.4058973045,0.6553549181151461,21.7990538581169,1.484563089592833,144.27649968497775,569
55507.3396386015,14.83770185411806,261065.101857594,0.5049722171586871,6.93338832680563,1.3100384135128722,81.27941448327773,523
122347.5831813767,14.736991315329337,99075.06305794367,0.45302611428664163,18.481618286356248,1.1197445998519846,170.77115335062118,585
49123.06943861203,11.783365847139954,226130.89256566626,0.7192529907079513,19.777929210679694,0.24885958163052324,187.34013621906456,638
120283.60129174066,19.699156337317017,45365.37628116447,0.758255782004861,9.85284310364258,0.09382583121791166,186.9955038752637,656
90908.61999167109,8.708284628828427,206942.67019172863,0.8462608634124593,24.565015962781537,0.3043481310857848,65.40088966509153,614
34020.642893359414,17.71725942538586,149869.1388159012,0.37480312081744727,26.561126947423517,1.409709898535904,157.28377531587475,442
63275.86188080699,2.5027881586439262,9963.652079583291,0.3270376922533811,25.65209790761985,1.2336201668610325,36.39487845312106,477
49010.07388580713,15.79662188077009,85897.79760515937,0.7143421014945195,9.92394658394152,0.8084602181084358,119.40528764950783,597
13560.042175893854,20.7689482766386,286837.7541342533,0.5818048591404459,22.33020777037962,1.454731857484147,1.6283931542247014,390
6415.545974755228,17.931964325756336,98170.2881011018,0.6318015463518166,16.784722646076727,0.26254404920833646,47.26723540299352,575
53278.84100026278,12.593294386201187,58529.064313924995,0.5555229071058353,17.77884973476035,0.8607681380087535,151.98445368399274,539
4817.053876988013,13.535321286543212,60321.776738801454,0.7726930232038545,14.322752557753855,0.31567208327812923,209.97239974354792,641
26492.188122102703,8.065790988738936,146367.91306937498,0.19004088849215317,18.007834439066148,0.4943214769662435,12.71776336205981,498
109327.13148592858,14.589704365162078,253581.5259978078,0.5557121327413967,4.0696247410724995,1.413195777496677,134.49411732966487,604
106797.502881171,16.407907663626542,228610.5207143372,0.1581017889436298,12.265416993523658,1.309003848995591,153.1892298051023,486
111309.89719569264,20.96456962235708,133871.34222364344,0.4072519392909919,5.33015285963838,0.19760823916434983,223.84144450267635,669
48938.66932723686,10.84925834000866,66574.43061390336,0.6639938234160748,8.403165929142773,0.41183851806336075,157.57936692014462,659
133722.87965341893,2.2260813154688455,18589.14553014638,0.4930716083141704,3.834436077664013,0.9120358308939733,25.62481589050647,661
89886.92110821024,12.917159014619704,141475.94424740566,0.37959153667218126,6.374868156660601,0.13896154164419536,36.07187396813084,600
20651.898578500724,3.380482999643372,245358.72781286653,0.8849700014156061,23.457877673631476,0.8476227386595842,152.94762680399245,636
23270.361895419053,5.895300871122201,220256.18811032255,0.7728257144974784,16.49509386533011,0.8975125819013154,52.53310274641261,619
104578.12318559582,7.575598226114745,125537.22645003883,0.526290785000375,0.7092935553670499,0.4719024129291663,222.86500849567187,710
27595.70259342755,15.620597462968213,180437.2882156921,0.9500531556754879,23.655734514063468,0.4750283211814289,221.04424098782678,646
77079.31983414241,4.676162477570011,133692.72367913421,0.42436528943499385,27.284051877884718,0.38216493971660265,227.728750577574,602
148782.62243744917,4.31505893684705,175809.75238810247,0.788072927588106,26.41287827347913,1.406730736784262,71.01567326711421,583
2593.1255005342455,1.8992848499765493,157664.047096097,0.16793623980141792,24.690506486199652,0.6138631540136623,172.35102800251562,553
4453.810680838425,18.464798727077618,205885.1470369219,0.28579247711059697,29.76649328402811,0.898640141515141,159.46032375742902,471
148976.51812571497,14.870108487121213,154774.10884227155,0.33808558133395483,17.592058666137987,0.48728313266759604,9.50930373972753,536
88526.5474518565,1.7989293123525298,282480.24445942976,0.10582075270452329,28.877628855447146,1.0688628064016112,64.47005324676084,463
20782.676376739942,1.5658461127622916,131268.3135665974,0.5018048150760679,28.465326975042824,0.1970898430350317,50.41724839339295,564
134800.72556360587,12.17348592950112,9695.309396714722,0.19226013412649567,9.39716191510318,0.15388023748726276,89.62325581546325,615
132296.28441889846,6.650688025734221,74730.19294565044,0.6341858894496586,25.903012681676124,1.1292114528437351,228.77983825430877,584
81357.66114048353,12.934527008638575,152679.0231414635,0.1900923595730183,23.774179966763313,1.1036685395572574,203.09879171104285,506
94025.22041939198,9.692083513619306,164468.69630715527,0.12350625733927534,23.273963322032568,0.43425193740396023,71.12847733701818,529
42431.7043421297,19.466251246205093,167953.51284705577,0.9690867275989246,26.88842313875766,0.5648177334507981,127.67753593273822,578
9476.915063056764,6.756180299227358,215792.86898967423,0.6582403058111063,11.525700297609232,1.4380277269325923,46.9516030592122,571
89996.00611584792,14.582907368777871,86021.20207217074,0.9364509147084885,12.001648976621457,0.20127892774320577,67.30672415872924,645
45623.76859400892,2.081086232371984,201146.58531723576,0.48988779199323196,19.201569276109094,0.3155632464926729,16.5357765145574,635
100215.91490573209,20.117210683778506,212689.52057016778,0.033402463063374244,22.134136134430264,0.6735556292111882,154.58295371912394,472
125764.28617270499,20.615149358167045,126327.82202314376,0.5743711704314439,26.392113079728436,0.4590434137805114,158.0040651046226,522
4687.760499325881,15.781492580328248,123639.884248165,0.5583288868357085,26.275359619778456,0.9910623955167004,201.401887372023,545
90165.63865348765,10.304249431271463,57782.81176865268,0.014975605936593972,21.640188731587795,1.0513724982726924,209.30088340911374,506
36229.519873654135,5.399868786545227,127126.27599533525,0.8612420444018316,28.70678333464568,0.8132627216406381,39.25419640729975,574
131335.49768976262,17.250326804959293,237110.80605356867,0.6199706806164247,5.358858568387268,0.9362360870340163,178.58678613295393,596
39542.34697115062,15.727081942940446,273147.03663721576,0.7446911693761461,28.51019541540259,0.6784602064295001,33.19512424573243,498
92393.9797188419,5.439080791218981,180115.8914387998,0.4939211061575146,1.9257444610086472,1.1525615179014908,90.31788780724881,657
83924.0443332625,10.024305883145313,93314.25128951814,0.618402437908263,16.668656435757548,0.11104282187709111,124.21324060265385,628
60632.64200876884,10.2559787563357,206275.46700462076,0.2574698932285242,2.7059087102436674,0.5036924381510273,12.823309466811168,534
102287.87301276952,17.52821099945418,223343.13156532115,0.9737577677686472,17.04002925594409,1.0424235600225964,38.466527059363585,597
109413.9059378842,14.676893686681531,103002.76974029539,0.4007200075476651,11.703291373671584,0.5279854064193046,65.79674789761913,535
85906.79370726924,13.863350870801103,248831.6191394163,0.1623266213376291,2.4482829450716057,0.16387615664227667,31.48261678257125,550
114246.49110334361,13.996548451265568,26740.270480810323,0.055915418374627324,19.44350415072565,0.5502694712768242,224.2490090573136,554
147545.72724695478,6.409401587649578,8172.34669200753,0.6361719330853711,21.935939988685256,1.0816674190935618,69.9082859528208,599
64052.313409319155,8.434225196590681,41276.37792645551,0.9833798511764558,5.225562408599439,0.22687805461731075,120.78002781763037,721
78158.29167905857,1.9132457087341228,51022.46260911537,0.8957944968462817,20.83310157926307,1.100715478106899,239.171682864239,666
3845.541935299559,16.738822716242474,264284.0647195778,0.7021045674864136,5.3714264744319875,1.1744107887184847,136.4275997865673,548
119812.226333936,9.659964303396277,130369.60215527785,0.9905979289928608,4.121893479458295,0.9711860794129135,99.34749022310824,687
78994.04992280708,9.76476714175147,86104.8491312626,0.7228282620421065,4.420897995742372,0.40413937040930914,223.22038501590416,682
62378.29169336365,5.907125298672534,131577.1592161117,0.33925112340139596,17.972354068630047,1.217678267932839,54.17696353261944,495
15922.650537230578,5.188545629188578,121478.06334668653,0.6012181330601731,23.363724243798096,0.36094162757877474,43.900677060451194,571
133669.1504079588,12.756438591380585,93931.192056465,0.07976664248556153,17.906811044214408,1.3634403806484583,128.95208420074727,453
60461.07152600235,5.651060304073516,45680.37681152977,0.22168249022254083,24.280543590547353,1.074636263756019,103.12511534170224,516
103022.07653496461,2.284177031309288,198495.06128229477,0.4175402359284922,17.744320232111075,0.1293438936382366,191.47967247839614,682
24107.375142486315,16.350148319617965,45298.29881999833,0.20181849356304526,23.919637420454603,1.2089663220594113,11.040399871743773,381
144309.34517207282,8.52938868812732,233750.21353843893,0.9535010148281706,29.295675033999018,0.7843286335218658,148.63647203428155,626
28409.380749630975,8.604711677986089,64497.96391773381,0.9955975267446494,11.728794239046739,0.7063408996539245,170.85231515259247,671
31532.214949124576,9.626365630315826,220754.53560432693,0.37093592012166543,4.498265307806841,0.6597412294128059,233.2881058369281,654
129129.46336254165,17.300896468161877,242647.90118016276,0.7092289860771986,4.06190435114873,0.9296135963393295,35.83740485732068,580
137062.24613300583,7.4167379187963425,41971.17288346297,0.40777073066324054,17.924327899697943,1.100638826135294,59.85212927156277,547
33397.81631344861,16.16072422515672,30590.0016449612,0.1395092043862064,16.413091975660258,1.349166092800613,223.8539323450489,457
71530.53144987453,19.790896815590866,285123.9673428297,0.33692684770210857,5.527061356260923,0.4457699787734766,151.72029407050883,566
110557.24587529882,14.217363918495987,141598.8079920113,0.2333716987156632,26.463148880030204,0.9646255957201144,10.093718823787281,449
131998.12860399863,9.633621623540492,190919.47101703158,0.32807822040741974,28.70245105362565,1.0451967866287883,19.485216539131176,517
58099.798865521174,15.955794462933294,11861.829835921488,0.21502168839771651,7.596469293099051,1.0284558526909942,188.72029399001272,528
78518.88405371552,10.15794739502771,87219.50326412027,0.1123451190582464,6.20648792703201,0.7648509392853065,136.62640513108337,563
111774.02875692077,9.288545422162816,154092.30809501893,0.2174284293624129,6.417655569226417,0.6169826948953666,136.13430010691087,601
110208.12454461372,11.505663271453665,266434.40244987415,0.9057570318298428,11.622645890740785,1.1554492847472828,211.2878887513972,674
117878.09924386056,7.354446696185876,85074.628181491,0.08522167577652873,25.59681525896839,0.48501421585916193,58.622402729723554,551
86350.2051589459,3.085004325600024,233681.43935832227,0.3247566437552345,17.878818298233536,0.3516770854774525,39.34300465546278,617
17483.034327106732,9.297040110523303,200352.81383631704,0.5284498945026354,2.026602951980098,0.8414523309521796,147.69962148167724,653
135788.04704994994,3.4771376225860386,39004.876502694766,0.3545126561783568,14.189372555162016,0.43803574361015657,211.89912033927814,680
130104.73581951216,9.208829471108935,91545.67597363898,0.5176070950188872,2.709950490842777,0.09818808600858159,64.39490407556073,663
120118.42050111329,12.138674424269006,75169.89074939283,0.04342006023435396,12.186423420253202,0.12478482790434285,163.82935318513313,597
16779.646619787964,19.614223624112935,135545.63833411923,0.6485696333643778,12.10560426909951,1.0577652632609682,37.41858861412753,525
32250.81032805152,1.7244466209060718,192423.60169903736,0.5634788015560602,19.450579971289372,1.461061476688506,42.08617830316659,567
112052.85403593248,13.429168130038883,132858.82787500945,0.6809662658546916,16.48361900889303,0.7092981562578088,216.46090382919425,610
5424.733998128073,10.154703733001545,77138.28984678276,0.567257815827237,26.24264347017258,0.2632386320978645,29.19363378262371,563
146925.2457886774,1.4052225640827833,210284.23662734125,0.4379035824256632,0.4882554799641703,1.2362206552675619,6.818583260591528,594
57817.41269264075,5.990963518774407,177418.9729398895,0.35014154229408245,23.219964662839473,0.42908205061189375,186.21076709847742,594
108458.2549862419,3.3697050470960312,158197.6026876291,0.2264351900997762,0.6797502286752521,1.493658369325627,87.63978209751811,546
133360.52109623043,5.335882914628895,168553.78124656362,0.5000677268066126,9.12869485429098,0.8667330404492372,95.80139397630927,634
60405.22344621218,6.491404869218364,70460.69065667795,0.026052452377506974,26.389894145386904,0.3873171954121459,192.16595323305873,493
49231.60831275057,9.026126707643925,205727.1630222746,0.32824082809932575,20.712425150313653,0.7692069158102987,44.004654186986215,529
92093.68707694052,11.580787869777806,119312.65798393665,0.6778722935645294,5.159900350984299,0.5363028441529905,156.4281390235275,666
87986.4273147115,1.019799878527722,112223.00682035579,0.10871703968635926,14.723536323358289,1.1802343777090742,75.93327059219465,519
62552.716688469976,4.237387212574816,49171.59143869731,0.06289124231952858,21.657125429339573,0.20343303442168087,25.92016209459575,572
91062.66386842084,2.871327712176014,181067.0136923817,0.6521786052913653,28.12029964018588,1.292653939697195,165.311555703851,566
140436.44269584122,11.993467985254874,182786.00111121943,0.39777472114235024,19.02963597654611,1.1626384966829952,77.16072815767373,535
71210.75798073628,7.581497408025396,105388.68988162586,0.8018250365493811,0.7402623429878186,1.2989775156571568,208.1183809229369,659
31117.842751093434,11.967954720694362,258655.76677533254,0.9373113039713239,14.991055790888506,1.347740931760414,220.64952040542428,610
57826.48546668458,5.4364660434935566,254410.08012105135,0.957040453732577,4.588849175124832,0.3831778432674678,203.92337109910773,793
60327.83342378155,1.4845870817516973,37171.02041231724,0.4255928538941792,1.4333865142476399,0.8054584204815002,78.04206763707539,623
21404.08656788054,19.827338025404934,210036.3244039259,0.2643272242750323,17.955319040447527,1.282387219241247,57.54324722195782,406
26104.982082074126,3.1661624237798804,121181.25307458157,0.608613738742478,23.307657075312733,0.5972125595683617,214.37935353546413,660
103315.18686226424,3.5371749592343362,299915.8810635534,0.6281929259282364,1.081816664892129,0.13759098635366707,109.25432914647425,714
52242.7076229176,3.93093653020281,71381.97075697246,0.6223449360758967,23.507678128965583,0.47286981698084896,170.14979393036575,591
143324.96199465953,20.625530479865454,87754.64059727438,0.32177861371888117,21.191636394345263,0.4007844516384757,198.69224413714159,544
38052.3183130739,13.353204803399922,135421.3568939396,0.06375173641730303,22.55960664505084,1.3115907970992016,67.36711051340959,378
16640.826755513703,13.205799034077012,84270.96886079563,0.21000483882559895,7.341851181471014,0.722577206643265,29.46428527641485,460
113518.67532403817,20.733964030370593,209138.0430840217,0.15441942802223374,11.807863664802873,1.041139144297154,150.3337876390453,479
132393.33568384475,2.7687753854930954,146867.89309353675,0.12390034578331022,3.592524816216569,1.4450727670527987,142.0559491274108,552
43160.7768169802,20.49001785084578,70159.25628061435,0.9262833210715731,7.166728507033994,0.4838223859585454,65.57781736539962,651
31909.039043530738,5.080262931080818,154380.35049853596,0.013847645973967926,9.083690144322903,1.153739358414724,140.7449064110968,509
29493.387960920903,13.46143007124071,267192.39107768633,0.6018577392363217,9.583099186103585,0.08300797620214606,189.89538382032396,661
79257.82060224382,9.401671306055833,238756.7158207656,0.9474737957401368,5.251196642904354,0.20096845420171583,84.65262478024646,699
71325.6629045221,8.679036269543564,152154.5327059122,0.3600531274941279,5.6613539421343,0.2847043805047532,58.913934823211754,628
40397.096298471064,19.62486656958925,90105.31792687457,0.5270980891724625,27.044111993764805,0.5030065884651372,174.2752900526839,561
8685.621314435106,3.984554568805129,58066.50708724569,0.6957836634751596,23.516808444468175,0.6343314619375987,188.82341198694894,623
73260.71836828954,20.94138022152487,264122.9487701341,0.31716969465823885,10.334331104743121,0.7416730415617688,229.07517565067195,552
143981.18745007005,8.58250122183097,214499.24744711543,0.47765198770724915,28.42930618442882,0.40573045211092634,36.2730116772756,550
98572.84171139415,13.975498077771089,173788.17442850024,0.817102850332752,7.167681383769717,0.1460122134346971,213.53412035127855,737
75334.97038103553,20.3581346296672,264433.22055633215,0.7453556652802635,12.204613603501521,1.0324084831683527,183.8586158743867,619
18382.426956383184,2.1520210075794957,40898.6347753564,0.8084494114928407,24.40575934303712,0.08430896262468347,168.7540779954822,686
39360.57100133892,19.45728725850381,206334.33937061013,0.987340163627656,13.2865911061088,1.223732420545151,75.81981737650038,554
45626.54453703232,12.356227707086866,68930.13216190343,0.370327474936179,7.038759687244379,1.397274496469242,6.304115333968834,482
115190.92578587068,15.087937579549045,40570.34509971616,0.7470912629357731,11.05606402864465,1.0800349248064698,122.30456809454671,592
131753.19799516367,3.983683677726967,142354.51045204527,0.6027845671019829,15.021632171240446,0.9141427500485063,69.29888098008617,611
135442.9943278329,11.667748616620646,119280.91428048434,0.6666047672211963,18.61933150981012,1.0026768675265176,70.2672235234792,597
147716.1540211116,14.470274294504874,282646.21475092974,0.7398739048329345,12.168194987445698,0.9957219675955118,222.5861199490442,648
147390.2690994708,10.124946147753636,100573.96629178584,0.7497313169463148,12.939129933599228,1.4009724472964258,37.559565200716996,608
143043.87164966125,4.099703562121134,245396.1664203407,0.8857451492948196,7.918308384042756,1.4482435132312528,224.28153872214236,692
12629.676794426889,5.882381501711532,225903.9651381617,0.3493216752360554,16.06041895252235,0.6687318807669216,121.40980369256685,534
22393.443317315166,18.087855819869972,202037.5416672682,0.6534813561119106,6.583687013086391,0.9447648054152062,201.3487469785639,569
47061.045918452866,1.6894198566552556,276518.1395232176,0.28029043159685585,26.025786543242276,1.2140702279145499,68.77742957461658,478
83828.9416015403,15.177241568816248,125337.75534249592,0.5945687051169751,22.421012107989043,0.05150532789959939,152.50703871625169,614
16352.727528410936,20.987800730290537,119952.99986494536,0.7511751401719279,12.308369652425522,0.8141730794001877,134.0246265778966,600
127177.94975471709,1.1496599221353323,52479.489956545265,0.7910010861616403,22.41683541098543,0.9966706927356617,221.8756953708623,712
93279.91450344175,4.220913656398798,86349.8122710454,0.42012450298912274,0.20987825428119056,1.0899479021194933,43.852324015338624,614
82269.93154072633,14.48288601786269,264534.05453795684,0.5087202232013598,10.334676679271897,0.5847446436246077,49.89220364845262,578
26466.07585835909,2.1998166917069653,144942.72920885356,0.33384985117017285,13.209034444403656,0.4786844098868087,227.80249146939715,588
39481.81021122921,12.795799677117177,105699.23004625959,0.1690363465396305,14.09395522637092,0.3141067215234673,24.413544367879098,520
25726.17969737419,14.680002071221121,68753.05624924049,0.2605174051925322,22.461944331310168,0.8588325461263925,152.68911010151513,465
128086.1073536302,12.762926962281403,148063.27382186643,0.9121370048998244,28.884222826851413,1.3829899767655762,15.474823058445496,582
88465.72328906029,8.303694060421345,216416.28428703602,0.30896954240931596,11.399913913284092,1.34916831854987,19.400803140824195,467
110799.15527290574,14.94564591973278,89574.14750983725,0.9747593335456102,10.517995485836241,0.571950594378654,143.7185495535115,692
45812.86371068381,12.88588856027641,228526.37363973298,0.24147808521538172,18.315456797411883,0.4238899529103938,132.77694295482002,514
56945.39028906502,5.152743441878394,190787.39354385092,0.7230710874810448,8.437608425747367,1.1937510428726268,137.95326150210866,619
61918.534735127,12.262710871702195,237330.95594921274,0.5739032935718357,4.240510014455677,1.101221026454073,114.20285107543636,595
114482.21581811715,18.63814434277855,79018.34051809912,0.6968700495247986,28.84622611476596,0.7827427551493638,178.42388239900356,587
116308.24217583607,14.336665713809,191153.30269624837,0.643957946609181,24.28589870427066,0.6140938763313434,238.13306019121075,612
32608.402072076693,10.435830147876942,50351.90744920837,0.7067485835975892,28.754986590723835,0.22950696043050367,66.911717887295,603
141347.75079723867,7.431682057389024,112320.10973856784,0.905547048435459,6.534986360517499,1.188450954183743,78.30208048827268,649
19856.989941665586,2.717724188751457,218686.22797862638,0.5634694960624814,0.5342764490901175,0.9453234431934612,78.20884062002831,621
134626.0681986973,5.8925426551805735,191342.17374608107,0.06784878290399521,13.117847272143193,0.5964784356201241,183.42127816709873,602
16858.555556171777,1.2237350617375378,60418.913974568975,0.27082543444689955,28.008268889747438,1.3822425652968593,84.17570476857102,473
41151.89205039404,20.732518350499287,258211.0882672961,0.7082189804087639,4.149760166152767,1.0065254242972002,162.7401591522535,567
127278.82333805763,5.449645042574799,20738.539791828654,0.49407462797567336,3.5155656850379513,1.397396356923432,107.56712612585099,591
28564.826707220942,17.29751885370745,180588.62811241162,0.5485519826196869,2.068583527375262,0.7378980674924837,146.2653154185,606
63208.053833875536,4.372897636099572,295227.04756832385,0.5965804553802915,22.950539967959244,0.7091958448926984,199.13467410037092,591
68579.17639173068,6.672022992111478,161793.89589361084,0.38262927298456995,23.577796015006168,1.4089969709554153,123.86002632545517,479
38298.328007435026,9.365546384567335,241198.1868880291,0.7738955250878552,20.86128166990392,1.4416975709531232,114.56639500236263,558
107116.28979772601,7.488113282832102,180578.38709078514,0.7235348838965485,1.5987553536700827,1.443112612374385,64.80692548166742,602
127997.52811152616,16.967016255197223,236011.0529022828,0.7142994121931139,21.698650074456115,1.237401221165792,124.30119505492833,520
131437.12069862464,20.153868160308463,198400.26992980973,0.7153101740349447,13.458864253850615,0.720488909995291,63.71653322539533,618
52219.67756901102,18.50588967301697,208883.94428857096,0.8903580016542478,4.736832658098149,0.35493397669013527,202.61327916659212,654
80565.85835459654,4.071557338955131,72204.28957048329,0.5953927794432744,8.853780314538062,0.6059892778528511,93.93850241991854,640
38764.14777211642,16.533773526985804,223837.16950401073,0.9670721994969583,15.034405197988828,1.4105313627007936,31.85672400855398,533
38229.88222942152,3.9589382660942287,75183.41656597758,0.1191926843906379,9.889544168090431,0.5771537278664349,58.35223917440004,535
25865.601302084768,19.267622131242028,294288.8811670635,0.6319589765938644,29.09247680224777,1.1472402688941294,128.76497072467424,459
141122.81359951218,11.357571513371568,72197.22133355538,0.7169265459357955,14.242252251215978,1.3883563090821065,219.99271628331084,628
133422.34663362583,7.7276217611341345,74821.7810613086,0.4772204109543595,11.164515307564308,1.457068636178073,72.83419815937233,556
117049.08957249846,4.140509946683856,258308.5705427399,0.28820838645693647,20.1949628690411,1.4241275129692663,64.18830277973547,529
78613.9051505839,1.2361817635800922,76680.82927903165,0.550037452711099,19.516351705677444,0.8548335166973001,98.16780051962235,587
74609.97149575704,5.958939833217695,111466.32407992847,0.3647476802907027,0.07317841215802257,0.763226108243762,232.293320311823,688
80402.3585950097,19.28040126562624,215818.84754781294,0.9091240710678165,18.554210949022288,1.48207873771358,203.0075021962636,524
81412.06600940922,16.94524384544455,51830.831157455155,0.3567924125332549,7.313069243071011,0.3663598466414449,36.770640306851284,527
66315.33653525816,20.39587415501439,51926.16767411316,0.17570699270212908,11.257009247637647,0.32191887944290576,147.68703561696313,569
21499.715268025986,3.015230422427461,148475.7348636526,0.5763891401654528,21.19046672204533,1.4466143317314608,190.25554459922427,559
20598.250224543324,12.84357487011339,76890.54249865442,0.39599259138036935,16.721586630320875,1.049332491645046,184.55447158748677,526
142932.95794516112,6.143009480615532,74519.09689286491,0.09589814480084102,11.059654324652907,0.8276408142073289,117.83407252935316,569
73340.55241877989,11.858834115448149,7725.48181846124,0.5648423509979084,5.022310555113721,0.24147219961989325,175.90770117609608,674
143074.41768596796,7.409097711269103,114282.62940339465,0.5378464111657014,15.164465617432596,0.7941983610736775,140.4771999317231,630
26209.377901096275,6.669311004867151,98883.91361242895,0.1731970866331951,9.580980705216097,1.4191206726062549,49.145350901676444,449
84053.64970191017,12.47690604049195,14190.964193867769,0.5976381689598429,27.387834252242254,0.9241924188555739,14.396820112125564,536
32742.153496027808,4.666363237390806,188263.78757303074,0.567358973857489,16.03039920867152,0.6367115025373254,89.31042353203058,611
39471.32170673703,10.382668739442337,189863.27869098945,0.773612623041591,25.978919825112374,0.8490993521244361,15.80342146546203,581
6448.07765665446,14.016245300880696,25886.139173229374,0.36156992984263436,11.70543085450534,1.3349103761757874,95.40820353709321,513
19605.089989551274,3.563641463656081,98527.26105828866,0.2487595236636393,24.823114913638815,1.373630558646225,199.10208137541161,496
137693.56432912097,19.61188541753808,262477.63193864236,0.9512198869707755,1.6961070651623589,0.6301278401966982,202.78630146845595,676
49586.882739385095,11.114493989082495,176739.28513215063,0.5612175227827881,8.943570767040448,0.9316884535297669,9.143667200264268,593
92003.12336335955,17.390559437686846,126532.54358353642,0.027139958884180304,2.3452779913409816,0.4548437883901046,17.6189767347691,490
70822.09153441241,14.078108612421266,142205.06889690828,0.8207116841117432,0.9495054214462173,0.7040736794297909,161.09823393430747,674
61266.784296301186,15.200018824450911,66442.5983585625,0.19675806091894077,27.565867359693566,0.3688298233355572,120.49968809118576,493
80719.14151921809,15.32261881985676,244505.04270883877,0.7860363176458435,21.506062331990396,0.820634779705084,36.69665586256342,556
29711.363803070544,18.50199794122945,274631.38810803543,0.7051624271559648,18.753301934054118,0.8884481956987599,193.52157863797026,575
148313.37698089733,13.272108700938482,273645.89246376284,0.9688137242631573,15.974784282354989,0.5398632673896211,52.74258288683484,675
123109.56456817171,6.564343034427792,71060.6455492284,0.9655793015945262,17.08662108650526,0.4445715359260398,19.677671872274875,695
111758.96564426426,2.990192857309143,96668.37899405479,0.27441062465575994,19.160711441593605,0.2689871296156053,180.13220600590205,607
71376.37595806496,13.12501238900283,52383.718568813354,0.7664495812234184,24.797393842203096,0.25233831599893164,146.3421079370394,623
24625.814074697722,2.327056075411621,95624.33442153239,0.31685508577992394,17.906656673865847,1.0816186177854705,95.27181455678635,507
138258.54702448804,5.825869033790604,103177.58477616709,0.6291979388295943,22.457422893326473,0.37137510518041983,166.56156270426476,657
52525.28597249569,2.2141436920382342,191766.19243406746,0.5977460849545931,8.429341554892048,0.22106668060451273,218.81998459719748,699
9415.790075146198,11.977751780131342,60945.68255669677,0.05454351562116466,29.302852134494163,1.4983639501582187,9.169603821228806,393
52675.74416797304,4.20676249885736,276222.09268848435,0.005181749835357574,0.9569162531108677,0.42687892773913266,151.01538560440517,579
119579.64051339088,13.208146388669466,35414.34367516644,0.05776401459480951,11.597297858319465,1.3492700573707916,53.1419839867188,413
94160.8942582548,16.81730261726535,7029.013255128251,0.1279420475317411,26.461486545111118,0.9333196329402803,114.31892462599075,482
113124.11054223923,17.437614415437245,257208.8129460073,0.2576524913477737,5.415688880585705,1.0868517418698818,102.33148980312534,531
119458.03681163186,7.190870162752549,212612.09329098466,0.9069552232425624,4.240142788009739,0.8633324216744713,94.20514061245261,688
33369.2824399203,11.97909065388992,109831.16175501955,0.5186326753466863,10.962923006997405,0.3121762328369549,46.49510795914341,578
138719.93078179067,12.26021520172718,180672.41324348483,0.7968917388407887,12.845841015504826,1.2782247786062737,192.83333481035075,606
66822.46123221514,10.457743643083331,70945.50974757384,0.8383117521072081,28.00182181985183,1.2505605114058371,91.70541979772035,594
96574.02009109636,14.102277828495296,54674.946350385915,0.7349430985905412,25.08358604126463,0.5570439247578879,213.0399063638187,620
2341.698342837816,5.201742476470671,143988.99486592322,0.39138512442057194,13.922689130715424,1.1575835097966225,85.76571723421131,481
149018.53776485435,20.584864791735885,109190.40976768345,0.8638593938409828,29.18925302644809,0.8374083745994203,201.69148937831767,605
43572.665122694954,2.9615965418186487,186492.86490791116,0.7420497533209206,19.26835212477193,1.3681212538120937,131.12745323440038,608
11185.339767942975,17.584422824062383,69354.00944550429,0.7431514434050525,26.20976195945674,1.2140953383907533,93.16443113149033,497
69822.78214740407,12.881919739023756,200563.6716653825,0.9015743271655693,7.381709414604764,0.10944386621294465,169.26369928892106,694
21096.44846294218,5.897094943874318,231224.14848932988,0.5986634724576837,14.668922228999485,1.3249501596773245,189.0104552802179,545
24544.353103321206,15.913500013205995,54157.66219339995,0.5285744299621766,0.8915164006929988,1.4544213060688103,116.36309887560115,506
95577.8563284711,2.689617913541439,17938.19360828521,0.8901625575970753,0.2664057979934653,1.1261264938064004,102.67548238366528,724
60153.25395239452,16.488356688975664,134678.27571389492,0.45446172816419683,21.163596628183935,0.22387461972824862,139.003133918985,566
138434.16262293927,12.799704444860271,233337.10536776893,0.8115706960288429,3.548808673968021,1.2206950402638241,140.85404746286665,608
49235.161201994364,3.215006367928032,196980.05149437208,0.05384636044480773,16.434247113324528,0.9888591118041995,102.68953258927029,508
109474.65900081737,2.5901112618474045,212055.10752230443,0.001289944456322134,20.8802244663006,0.5412981604068713,182.08142794779042,559
70242.71566292633,16.016726668729248,123837.60529804368,0.5282924896043568,0.9670375868891778,1.3318442992293666,96.5334260131601,538
99672.79256713326,6.858718130076744,74308.93584965561,0.07361189381638022,13.46224197437046,0.8700716982571006,109.26660394891577,503
90754.91279396658,18.78603701534427,161874.7587689598,0.9765430134530636,20.524558109575192,1.2867454999781331,145.67105560280348,555
71972.02796833173,16.24146042060352,65287.87965601308,0.005501174039798773,26.6919296356455,1.021664935447152,236.85688756142886,470
142609.0420044167,14.963804894354322,219237.4656105944,0.7181496364986464,8.976903018049693,0.46834835037214584,63.303980532370616,652
52721.619127733466,6.572121052669019,63105.104508045726,0.24338469578622068,29.226495890529907,1.463777108998503,56.43671917885444,447
28230.854184892338,15.178890380432358,90922.66368073072,0.9675520052720562,25.33624498979092,0.8779580445123598,43.276056696602865,569
102357.92101021459,19.96295369029668,154430.7096052866,0.38154165062789613,19.51905216245563,0.7992951006483655,165.7771672196439,532
127209.1190735705,2.8311966874113783,148579.430572331,0.02728342626386515,11.757765217383936,0.6350889609672198,108.33361834299944,556
7957.5535111087165,7.52325284007132,182250.56604007367,0.02693576540878273,21.33331128598496,0.24769909446264665,93.87691527775166,498
68545.63788655672,5.693445309231883,134046.15714747552,0.5533733717246886,24.4857980721106,1.0450086760524344,49.77759942157961,566
134088.1780737243,8.865002688013334,276244.62601047696,0.9867119790312812,9.09899624659672,0.6746588371084303,213.98207219939786,762
112943.5556005844,15.846653097078928,252780.55778817052,0.9797735350457194,29.78490194721088,1.405188140015681,106.91835541815021,529
148787.54204164897,10.48485162850773,264338.4681148083,0.3372729722892658,27.25858109263917,1.4493908944974025,146.23870144523264,494
80649.24411639207,12.414612122404925,190707.38856401408,0.48270364918889697,14.56504321028768,1.1630792402574288,27.89456921191429,537
99679.36638257038,7.283097761566847,192327.33517893788,0.1004558057978161,21.684897473261856,0.401617407368676,26.805359787691362,563
46767.08160841336,3.825785341742011,184713.61169620484,0.5221768559917317,15.720266838563456,1.0881705371657513,17.097735457694995,587
142235.26875056687,6.338672978754571,133290.82555432958,0.5997015990482731,22.827916565910787,0.07961153889933047,88.79571332035216,642
56217.652306367374,18.19360602483974,100021.27031484248,0.25106166561132104,24.80946611633944,1.2482807290721694,114.01989792386686,461
111299.58547762103,13.04833924306821,179640.85179741675,0.6121144359151738,0.6966766547112757,0.7657469222812672,59.4541777183676,625
61664.75020962412,8.559773463944675,12531.89195584284,0.8996927516962538,2.3739608910194776,1.4082724923335204,84.572923904677,647
85149.2016493239,16.798119634711753,7199.647270021895,0.0009553334234805311,10.094022476301811,0.5977520599226493,2.4961481316809664,489
108527.81518318884,2.289148649098175,256234.33875754083,0.22893377430794448,27.528408978970486,0.4316017265015742,84.91014319747336,534
77322.25445920043,6.077821758447714,18695.093209398547,0.20991956332393813,11.948207494301691,1.492831691196257,29.481949024572558,493
136248.77638260726,5.6020630811467855,159814.56934835832,0.12388620303382702,26.625366456057726,0.8194829136925091,31.683890331359603,524
64056.546213315916,20.70729124336444,186421.3900701453,0.16610121273710188,13.873017378952587,1.3016146864951352,2.0769573168407907,411
97766.62612521212,15.121971647855204,63460.512738618505,0.6259125453653877,8.665587609347202,1.3710328878304625,167.43495528956055,564
52669.640128408006,13.355718727771084,269240.59728821873,0.10269439015064263,27.019355491874855,0.8017796335330639,223.57682199780277,445
62407.18689818993,1.099699305889458,61078.252665770626,0.7385316090207217,16.820123067560324,0.7107851920028221,149.54938904366557,672
67127.41601856575,4.686200041797147,265931.921273169,0.8870225905583834,10.81452885090124,0.8516846344199077,23.992290410770405,650
20619.438710218215,13.710825859461565,230082.12945324538,0.926587724178369,1.332210108834504,1.2792222791780505,237.52621840480847,620
15575.10450073299,8.594386529633315,76019.17128963722,0.6601758143197008,3.3279939734467168,1.4487573358211594,234.16485583948668,589
100788.50862572018,19.485607673581217,49469.5290514476,0.19739641063361602,4.179309829245915,0.5260670585860885,112.90805402213981,550
99016.62527477174,16.294484382835158,98288.64950493936,0.08529657553990788,10.945088712318189,1.1210140540737776,26.780743199104727,444
100110.6377030941,9.9476814560824,122395.41704973104,0.2320249538069996,18.21998867233032,0.46379299207044117,173.25669500568188,571
4925.433910718368,15.990299550765409,77506.47956718241,0.9619571857850425,9.227703432657895,0.9358819099306829,230.79090087154148,595
50328.93271542343,20.508086476524433,299673.00688255485,0.9623452017507121,1.965829012944006,1.2169449029164923,187.10920538914755,650
31275.857394361145,10.219616494029413,72747.4391906764,0.38191888391834206,7.944262119520014,1.3354051707588752,150.18448224246447,526
117166.41053651382,13.850517757770668,250037.2739599428,0.3257915410975506,12.260449526988305,0.7006384672049079,146.98882466668744,545
129373.29940662725,19.373292301225902,51939.735391689464,0.5100105822590654,29.768097860169874,0.5861457397205427,234.72242929514528,508
38508.695829469805,5.9734932407234655,294172.1644564045,0.2916880914674007,11.78960714252816,0.41750483741578737,18.4755214999249,583
100841.67550950198,18.731158273325565,71529.42019351003,0.9796624516555633,2.675862562423319,0.24345489710637197,36.74388868215965,699
21145.69491182462,2.950894135459653,129398.12366115971,0.2212213900245774,17.433444434218003,0.5791304745333274,199.5639352927838,573
42722.573789053575,13.968963411752929,169776.3996965324,0.3691426821827686,27.58920217878869,1.3143678168843784,35.6820261964224,453
22520.865442546088,16.656763101115686,40484.28597104753,0.4293708757001783,23.6008709658525,0.6572737985054254,92.60786037603808,518
43961.073456685925,13.292124385048522,245961.9199063349,0.12506402308116216,25.0865492756171,0.510075090426272,68.27832219708533,476
101861.00900769312,10.91069608305086,86032.2321408448,0.38282482677012986,27.84695388306991,1.1217417546503015,59.183287229253985,484
136728.38270741736,13.34694199851372,167034.6209724908,0.8567307201019734,19.09630510156614,0.36259748385761115,7.147546314913976,632
31973.31637277952,4.0332741755888915,167141.97415450783,0.14036100145675845,29.84768191960496,0.4216158636071395,136.33405198481987,527
82227.69717270644,5.311414206604367,182778.99243610658,0.5840219508261872,0.9984470963895242,1.4070675400905386,96.89624547919716,631
105805.88298402798,6.397986879126839,21368.366024672832,0.4066371380600168,25.045190284306866,0.16830505429496423,132.83006082024568,609
143032.52533586373,12.955586812600762,54742.53474031253,0.17053672611745474,25.71032008566785,0.6512152113529638,73.77746135290337,539
92288.95146730173,9.83802147490141,52551.71166239244,0.012336164449205822,27.501011722858948,0.8862892289724663,226.00914435796875,495
39755.82579205234,5.889516849716791,94105.1215276763,0.2733433034899002,14.345083729075473,0.3838780376411781,142.33197894572507,590
94570.76722326256,18.6561866428916,47749.67627321026,0.06182896069800192,23.632677708618,0.45746810214034356,230.72848412121178,557
49432.691928346394,8.478436805864469,276966.7896284154,0.3767684712967352,5.852411973635395,0.3716757788855634,84.65142306781942,639
146467.00182237275,9.920634384597824,156321.56290083373,0.8102098556993457,18.09390675534643,0.5505190794879303,1.5471994257709796,675
61152.06800421826,9.194021530979892,188954.6685722919,0.7196852608776124,10.759354570903842,1.3528333448637502,187.7224700260233,579
103443.3026726301,4.638859105535053,110459.01174244564,0.9473837117017669,17.885209519859263,0.6758016525289144,198.7435462399935,751
5437.682187320255,15.632540308604668,86492.6116050039,0.42701541733706916,20.26681521474901,0.655852073958976,15.030111930880308,486
61209.09402794379,9.969165245377159,153437.26521850284,0.7078013985918528,10.412060002385367,0.6105422762528645,150.46324560249425,635
131515.92677173173,1.325142197854369,91825.27757627591,0.6653417221020202,6.487148979086159,1.4479678040594828,158.98327022258874,597
92313.66177612038,20.280274047195938,106375.54809028046,0.21704630315825957,9.650637265780041,0.22008418251873269,35.830394224368106,541
67703.5471866045,17.315272231908274,138561.50790990287,0.3035825052326585,19.91871735322328,1.3142193603620813,133.0533681317669,438
140518.74991648743,15.471187081836066,154191.43771938488,0.5298295333977603,20.306227010184315,0.5243835482055644,59.12453248250654,585
128389.68766978991,18.38183741037058,295372.6334756424,0.7966573190059218,22.239508080722967,1.4369418079727625,4.931957065879364,491
49687.91972579486,19.136145072111006,70880.16350777245,0.4618127344629326,3.7960982571811797,0.5070795070533053,208.19175059989215,636
82593.16350211826,7.749794127688773,148952.96864038092,0.22774153617552728,24.555521707633847,0.1701678267216647,118.51514592312492,577
74493.98990168449,13.219173568333972,49105.96314935498,0.9934656902803698,20.644434046228664,0.804060732311148,187.82608511765997,695
95565.97001699962,13.176156184111884,108249.77364885193,0.11557880635366846,0.9151523007191753,0.38040508999937,173.77143470275698,568
51448.467509895825,6.34599337621194,216606.66201838927,0.9558889074913278,10.067935483051523,1.141835232436395,238.49555738247244,707
38142.34011335146,5.439045028941344,56466.3324093695,0.8090462884304888,14.001337677194313,1.003093146575534,105.67086353238517,577
137075.43161781933,3.2781450963804417,176498.63572726274,0.8388935193078518,10.818524711604443,1.0453802789874462,103.18459501496545,677
138733.42592577892,14.186283918329057,127926.80195256212,0.7949175830914994,3.5225066462523937,0.3305597584854231,68.33958052522968,673
126811.7870927729,16.618379820615598,20215.965599319534,0.208170941304622,6.220388535150211,1.0775138840834537,150.4101840033683,521
146774.25575315507,16.219059590340077,280257.19623614114,0.6325823773952418,0.7368418473039762,0.5014299891214892,117.18088763271292,649
112258.74581539391,7.325507543699487,127012.92638640148,0.7567498124509318,2.7923148405768847,1.498077340687103,175.17390819185883,617
115170.74982717595,5.105197009304044,236258.32804659405,0.7456857921016514,7.989003531736342,1.111063111457309,86.20629592750112,613
114863.33361047083,10.072283569092438,127812.47917588109,0.2715653705440776,24.59910796907192,0.9060966857423436,32.27189324462889,489
73129.92937946136,11.936269204810213,281521.29486574145,0.18111938776368142,15.799125298116008,1.3073207798625446,207.12207305654954,497
69554.9247881122,19.381742559371116,90688.74865652475,0.3281229839145492,12.73493672073318,0.9045019645931693,198.90321912955963,550
37553.48887005247,18.496463085481082,126608.04165787058,0.4798444803773918,19.86488831875647,0.8514873068245234,84.88904472066287,506
97433.240765175,19.321166626036554,228864.95087648946,0.5737807470636765,16.245316809750157,0.3941076240678003,165.9940604853678,622
44819.380143145514,18.005247702719593,106381.85800785279,0.8369503623191604,3.945417802668787,1.033262393221866,118.68429459987122,568
40155.644635948454,20.291624088726223,112485.3360438779,0.769034227704616,6.678700914725687,0.5932344209617191,182.87233121433295,609
88722.2833662161,10.309999943381149,298472.8361571959,0.6761505256665161,6.675670829718229,0.11246981032758901,94.24163611081846,694
62677.39345730639,1.9494699486618874,168906.28507865383,0.2634892929427606,17.998575378370266,1.2332896047364386,129.01777725850388,535
34390.77810160557,2.6712406429695648,208367.2338326937,0.47888049893494333,13.848730985680394,0.1252160916406757,14.818048871474591,600
122776.29047941901,8.805522835446864,194821.3590753149,0.33543587412796105,11.62755187682561,1.0248351781187626,42.80348559955144,567
129364.34805556765,6.153741825459946,249237.6234111888,0.23492817955053413,16.69917518645364,0.27724529265312703,187.8419802582496,608
26819.528912311584,4.398811827221346,259238.40433531418,0.010245360383479452,29.103473573476716,0.6772257990277526,92.19415023931771,448
3111.0408543999806,20.06407549017297,171160.55907874132,0.3394619705706906,9.425803681676303,1.295682904892745,9.390196390872052,445
51747.23534234731,4.908391768212449,91894.04211508781,0.2561162677146215,15.605863009005517,0.1869083462155126,41.06507228515525,576
120031.60368075137,20.18758544630462,11726.07303461599,0.5719023269668166,14.411100469323468,1.0173684839013002,99.37192966846187,532
126197.73220268001,16.216776806424143,186248.95906397444,0.0623017702837122,21.499290952375343,0.9382971766048237,172.58123257700848,469
22472.702377175287,13.818913442504469,248513.3058133578,0.2705195967102011,21.908708039487482,1.3079181322166245,87.8729249919282,415
116601.71337509157,14.520379201787566,137909.24262593954,0.044769489988415345,21.872121642391214,0.3004655634198967,179.0993952965497,522
19124.21676179556,7.62948647318248,53588.31144480497,0.641417904513436,6.045587398162344,1.209691881721917,206.07648036352492,627
59729.26334316633,13.928540761165642,89984.21151601407,0.5681895585686249,13.472794090835633,0.702675735274926,82.53165079516532,574
149794.20822176355,4.733842365625306,155446.73420600005,0.3374800230744732,24.335240730874126,0.6715336731152061,192.28976143420766,621
30503.44183817465,19.75410865071959,251820.95959841163,0.1473346004355438,11.445905116219313,0.5745873087178187,31.3244791573153,480
24786.61022148871,7.03586679921187,55667.17809018408,0.9579198327687352,29.527653518697868,0.609082511984081,100.25276249212664,602
64574.44921692544,6.103730245870843,185584.2133343067,0.5843924473886134,10.943602253765976,0.8039414583165764,24.317412711300626,555
93710.94184353949,15.223255963883151,227243.7411154109,0.6791133665720679,14.930004820259047,0.2048597432390254,13.554189321951396,592
140069.3157971615,14.128974361323637,281134.0184987728,0.5313487532694519,14.235767844076406,0.666345511315789,16.42204321902181,563
147161.52953888907,10.025978366866106,39427.58904526353,0.806533247646205,13.009914074077276,0.9953727618363082,26.03573447251111,607
12306.814215526405,13.648924693815726,278285.53207854443,0.8963800495481213,25.36894104958865,0.7723789124855561,200.7384956965193,618
22423.63256748999,4.189861435217123,182432.92287647145,0.3827105435976298,4.658257126440406,0.290452729831953,130.93883254845193,653
119029.2201366071,14.466566148039101,231176.96829252437,0.6900253122306106,17.029941192419493,0.5764249675978665,227.42577687870556,691
42053.558536087345,6.4122139039038775,20863.53932272386,0.22988748454639696,18.55804732066271,0.6922944279175982,129.58207201369072,519
132957.6608069414,6.456719533529146,154313.70591397557,0.6518550471620385,25.536639242081122,1.0198684812178038,151.26200842218245,635
100191.08206990483,4.243598698875692,188675.75385383415,0.39915562997655263,18.27600479778325,1.3561111676793718,45.09166671257783,560
18553.030752340223,7.647542700723292,95515.98276248785,0.006781599401304961,28.80061043363342,0.8480444932523368,130.19886393145632,440
125214.33416875305,7.625021206226562,132336.81138986954,0.9555278684226207,26.16503136782787,1.030733785770178,93.08730916399512,636
28100.744241195225,10.083580234045385,168517.9499074814,0.8684415455387189,10.462198450581944,0.16192495688713643,223.61304677154845,732
64677.318412588764,4.80839009332699,168001.64223302907,0.2908365503460284,25.797193358725035,1.43397719255401,224.20717057184828,505
83723.36942678083,4.860150723175327,17349.14999501723,0.9977573142328605,28.75433442280367,0.5070526010155082,48.4411683880356,648
76113.39006388119,11.834771433264567,134647.12114077323,0.3171276745565341,7.71591542773759,0.563723037047486,149.21127648126946,570
103552.11151104225,3.577548093409503,68076.3556637081,0.45884418645907477,18.306264199932254,0.37312203193019333,153.52401691006375,586
98597.63676064977,14.777940159776703,275425.04803517816,0.8512590261744171,8.454117370264067,0.17277160406004632,135.44588399046626,694
148822.2168181521,19.878942517251932,293091.09708638355,0.30459635132804086,19.487018372466526,1.1955678457056842,30.714800210840686,453
149914.4425651798,9.535912433287564,93395.83442386037,0.45054028438750005,2.809284136410657,0.39871061847395056,157.30966120296597,647
78435.99159007486,19.022106263013534,56679.692189062334,0.6655871671232555,22.025640656071726,0.45989721625070396,191.98138309688383,600
16089.46487020787,2.9663318225172888,69753.72452976121,0.13046755477242822,12.594594857860285,0.31360460107909527,83.5090220908981,526
109720.80824737031,1.8591525475128914,145936.91532912134,0.4223503686917177,17.619215360293104,1.4635836564333762,123.97785676465358,572
146546.2835760552,15.427377550276798,262979.15173838765,0.3094099373616265,0.7758720757049442,1.1825004560548464,28.80237917747742,549
49112.30536909501,16.22043145962993,152510.6834066037,0.676774305864818,20.863243656309848,1.3983544924720157,223.43460204539963,524
70258.91510396093,17.861164819315025,21340.658206012806,0.1359693900603718,14.879740624057302,1.2994988822275901,27.17954690818448,422
64866.98487268748,2.1363535679996284,16766.252800377482,0.2327314791009374,18.75753023063526,1.3641303593406293,50.802128493711045,466
9610.034874425546,16.53814109913661,72080.32895874033,0.7113762037524828,9.470039171285222,0.7445993751813299,72.33635571620836,585
101495.13582106984,8.530774655931635,253617.5268947815,0.1562243697241148,4.374605202642432,0.2972850841677957,198.36386716450323,625
54293.978870133236,7.066752653643972,188336.76447286748,0.4220192622398897,13.06286825988426,0.5239764848184394,168.45676500006283,611
118544.65344546233,4.460478426865938,171072.56686695598,0.7128807220926188,28.3193736385909,0.47405469962347013,2.6764506827415047,623
125153.77114173393,20.92031510205054,99096.02981187943,0.7654683844300053,6.83382079961416,1.0898440645219667,44.87120977109912,563
123542.15641648113,2.2732717863772725,279180.49448862526,0.09488117867166845,20.27517036105755,0.08722539514564653,180.28613182686453,580
63666.56770990226,17.54016029215999,102697.58226382907,0.8519956094194782,1.4953063210362416,0.2559612116310668,97.51644334919416,694
49588.76097165313,13.789888709810551,251308.60173261928,0.7239723011299664,21.54299355800785,1.0401834243695482,7.265034259675138,542
112825.47539072412,15.701608885237343,269291.5378028858,0.33929458869331375,7.153115604044792,0.22899141301064008,231.3761339184859,620
120605.63620872301,15.234342398435928,147583.82889876032,0.76380285233024,13.545511806879974,0.12002318361708031,37.14466619279433,661
74706.10206592218,18.168689701463652,268815.33449681906,0.728298865340659,11.032593017843222,0.20836198868622674,123.00152697119181,665
134168.59089137285,4.675841397122166,86656.9697803589,0.6008912265083856,3.3852102995206645,1.0514775219124897,60.347547337117575,662
23298.487019626624,1.0164923366937075,199237.86072406636,0.5584811734058444,10.367458575353272,0.2520216261368151,177.25516753386094,659
132102.17938952608,12.970569780865324,30949.305814693947,0.7347034888995855,10.503748748795568,0.262141323647898,186.63753767230185,660
16222.094479838428,8.07717278646668,144810.5931572562,0.9992599017054545,15.663169170892548,0.383935285300694,95.93567644244945,640
24721.777264082855,3.4757466223427538,69112.88163671264,0.5785522493158853,29.17054598819962,1.1388205210849578,158.3694595287086,535
81008.32196454614,4.722775082084777,23515.16698952785,0.808717871762248,14.10052567531891,0.3405117227781252,218.26858670661002,744
11992.735067737423,7.634986249184458,6099.024882898116,0.7442737173155829,27.432784668979014,0.10129432525010043,195.7393793197329,624
9815.451007216332,2.4046674177340646,100801.87435003847,0.8558084020338257,13.84672975687666,1.3635018655851139,100.16055451713461,585
2076.774136524417,2.138264042569017,178911.52538834504,0.9545248613841384,3.226299026248184,1.320661715221838,106.51277688129646,633
66574.86563475095,19.320525096648883,139292.95255709143,0.1930832074608152,6.904586858278206,0.317987551299885,212.9639074924579,553
116644.33443125001,7.242054987073924,94021.94306325134,0.1654596363951163,12.225530281728007,0.4347467551715096,9.215099301895963,558
7156.075841427518,20.644613949471697,297404.00907899404,0.5863518284149009,9.761063189105542,0.3234084785932793,6.451965783004499,518
98534.1257569466,20.287340166607997,282159.88679400494,0.44929506288650445,25.97487862597475,1.0933250814945084,50.18508663404028,490
123822.8429775956,3.851425646542276,42067.725517061575,0.5707226929191692,20.35936806589654,0.41251288207438647,198.80157307979712,662
26864.125589524927,15.298486057923817,127456.69086720595,0.7980427344855086,17.349253557560203,1.400602148198828,37.617951840511,570
23735.83275356783,13.016097782541383,196409.8455281152,0.9317144800492464,14.736886537100716,1.250079485356175,69.18174910265628,546
129398.54409583934,14.812941462103073,221379.78527133135,0.41741582519855813,11.918118548672005,0.9031816349760262,151.347416943502,606
123822.44227261402,2.9238200002894956,113079.78569829966,0.7179326455436245,18.36577319496034,0.06296042583488413,45.034031604670005,720
81763.38140709966,4.771201572691161,225153.13475692755,0.19679918784140937,3.73821496333143,1.3313206393041668,73.44480555721405,522
123241.58213550909,2.53277322901763,41624.25380865009,0.5345519493545235,4.875995646507169,1.1052543874722036,112.59214178244294,625
15727.899458825224,13.082684104341423,102884.72445102289,0.021804777780519924,9.093490601901,1.1924657249844592,55.51811882053722,414
60383.26465493565,20.73182151698182,216347.78684799199,0.503750567133097,5.135538493832232,0.154146546629387,238.186870470726,611
111194.03830374319,14.439690753158828,189576.42312681067,0.5453364591254999,20.3129615707445,1.0774122468168863,40.06359813978302,525
40102.88997994658,15.215230700438592,251977.0133841882,0.7354453357783313,0.7430496421873589,1.2166547367550082,204.1349680759405,609
113344.6793361658,20.69170083086562,18822.82168681075,0.6494847902069917,4.805324750002503,1.4371212664277293,113.35385972819388,514
76618.43344984045,14.560231083435923,56445.55675779931,0.35839673430580155,27.0782432849641,0.8916821855345316,31.860559453125042,525
113039.3662163385,1.8036314525694066,19305.901770230106,0.005730900713121323,29.926294446662606,0.7866606853989437,29.318191561856764,477
70772.58640288477,18.34011201713195,61673.69615351734,0.11548587362294893,14.627714334842793,0.6668253454737721,120.57075739615443,490
56449.84235282901,8.293565807575925,6263.429136715828,0.9730606535174523,14.861102190652748,1.0668671373987335,85.49132098114124,613
34440.00403883758,1.0872724302943073,153742.03899526555,0.9223331583153058,23.201962867123147,1.38519089183619,57.06994948800549,581
32840.14253238222,11.144683551216412,160852.74669263535,0.32509316308114533,1.085687328617252,0.9196448206382518,230.18645378261397,574
113220.63996456661,19.74030001752527,199078.07551476845,0.2588529399238877,12.810644457029344,0.3795612801870927,111.74775801133262,547
19598.731509026155,6.146613743899664,118549.17192430781,0.4364162936900374,2.994836454448795,0.07548222794830628,222.9858245479863,673
14725.38781641988,10.830263461056798,5946.268752129282,0.6899400296120728,12.027791479694578,0.947714021487915,40.1959345294917,579
28091.122023275264,4.4755377556478155,203797.89055025295,0.35682767265797366,29.514655233866243,1.3036669376276264,44.84839006797293,468
27951.28369518044,2.153853433328802,21015.870885634213,0.06729384773115554,22.608998424100832,0.1456641524814436,143.45061813524592,570
123819.92817542117,2.6108989342622637,260520.27709123446,0.4027950924443964,29.55137627055654,0.6264782529939515,65.5002785854206,570
60978.980274183436,15.54021811922711,11682.926373841521,0.2605889944814319,22.38145877011805,1.413068042817309,45.200147491091236,430
148577.4916893514,18.28148941484298,161490.16136070658,0.3249300112112118,18.24330215419765,0.7774316439923676,23.629807113781343,506
22307.266153010634,3.865976785049822,269000.7753037286,0.16295724578730442,22.6266249878173,0.36995443319345994,19.228690203412157,537
98723.89420265921,6.766371356209374,173884.42485769014,0.6588400694456474,19.772750189129543,0.5628017970648302,181.0072441138089,651
68411.9670657851,4.900589352896546,184482.94023045935,0.5266309332452249,13.921980897057251,0.6418023709824692,68.43699198238615,599
60151.89015116695,1.5371155385285586,206075.20025953467,0.2708631172953543,8.7763900201563,0.2200697959043486,234.84217764052474,652
131512.46146000418,12.068627397739672,41110.610080487764,0.5538624813062414,15.605341780030647,1.008148753580196,44.76594946751082,561
146388.15558260315,14.998443402752951,204103.49473911506,0.49270784716723803,7.754804217042915,0.9086382771840908,85.71274935569964,586
131183.12589857844,13.95754961770141,264704.69019378047,0.795974856566028,14.600290393264359,0.9891981729050872,90.60316005627769,609
30460.50049719969,8.761070946044953,292395.14568641834,0.9559842693402016,4.384062177632579,0.9356477745862725,120.53651746410235,647
34678.09233892224,12.100204918798106,135700.33981071238,0.13067050897865595,16.961852969101223,0.07417449901809252,209.0819726860894,579
99098.93410606937,2.8819861327244936,106628.93124487632,0.8839134789079829,7.358510724363143,0.3029711318711634,200.51008018144077,774
44784.37008245237,4.086074374453689,227226.33660091352,0.7047969382849021,8.80824311824709,0.29007940282149774,3.379563076447083,692
110739.31935552582,19.635892391059667,165147.9149881178,0.6925535452979048,14.970844253471652,0.1920296551320847,98.81196100302478,610
85830.25631982741,16.230154956397936,80904.873064234,0.3743008971424723,4.875787590647422,1.1164398711375008,198.8768787186991,571
83534.49773657964,19.454781916503347,55786.57606606238,0.343908195464921,28.871396509077574,0.22419896099381292,1.0472760705837365,451
124624.94487614029,19.333605689987344,55217.93867485939,0.005639484822516971,13.408329461786284,1.018881406502999,128.5398577601603,483
107158.85021791632,13.987852342154813,140457.22579881485,0.9822048746373078,10.568376888802533,0.30866594899782934,63.014673498635254,656
5933.509219599171,19.564772962243303,55186.69965661679,0.6065058323730488,0.8758981527774279,0.2215497584594932,99.65168326886204,586
9319.952297610322,9.334082061649264,10817.088483388303,0.40232862392392543,25.297630893366986,0.285668570493315,101.45282327103511,553
91030.65096349032,1.0723248956988187,20366.18861605855,0.5437688218921786,18.77501745919153,0.787185011980129,94.62931133148595,598
73956.42719209677,2.2514223169231875,279315.9404661249,0.04052703409626246,12.492154645238918,0.9859496392937458,214.17607920849187,530
40507.328990762726,3.189746514016304,26523.595642240045,0.17365095529166885,7.3659839801542715,1.2272910470835734,129.21480254371878,518
63961.100922590645,2.907069063657205,26588.30372138307,0.6233599249634025,22.354122560261555,0.23641519792371435,216.99546699488835,683
114170.72717246336,8.03404781700527,138100.59143239207,0.51426172968362,28.364237272250016,0.9434707837094537,174.69143534980287,546
124338.49972937364,15.025416142187153,77304.5832888346,0.7870748229276331,11.424291169560606,1.1720674191463085,84.91769696278735,594
85061.01404772654,16.8129761320099,288994.68639088684,0.6587426904453371,4.046282051376938,0.5029874986864323,118.96171989020023,623
59034.68316685124,12.804265486892493,273740.8226518522,0.6014356759793872,3.275842418182121,0.16558759008278462,94.17619063106471,668
42063.12070127584,3.928723491139591,124399.2583580238,0.8152657043053134,0.19085917001657737,0.2761216464464451,199.02925248987685,759
79243.93367384952,15.958032042963506,137375.79822779648,0.06826310555190063,22.31866322315166,0.18276003896266224,45.83587706106032,452
48582.94354752839,8.09603838275198,115658.5276572932,0.6908867964312853,29.441861577050116,1.336457299982883,224.8025354605108,573
85486.08028298899,1.259866973435925,16170.504409722826,0.7155907132890155,29.784532582607046,0.5962174191223402,139.72145412620796,618
102144.55261142638,6.6117724106549876,91389.81758013906,0.275163549680011,23.525917630287765,0.8088554774468897,147.21015099837206,551
11779.723216070435,7.612011082819558,41188.673535535316,0.19564963648739442,4.865513348881308,1.1645978201162561,124.51553466022114,493
2157.984823366591,6.484910704362058,35199.247354461215,0.21385247545599917,29.331283677393646,0.5886727120750496,133.5246580137353,505
33417.01654842996,17.237403063751714,170454.1640162344,0.19814086343199422,9.834403290058528,0.9911988492100385,160.5744245250557,547
134387.70166237958,16.198527951881807,34135.633025500865,0.5237821909035946,10.008588284776309,0.1611857871667347,157.55342596910546,651
97651.03295782676,14.91104060825283,35364.74051960276,0.13562631136582848,20.620108586773167,0.7473131889744706,52.181154239921455,468
27450.132086679383,3.780101570245306,146751.5458717078,0.6592858614193504,1.4714756122335415,0.1899525009469461,140.2031984486647,694
133759.06634989558,17.15667819412564,135473.29771117843,0.10507825894876954,24.773091897226777,0.4100120039863307,85.75571932453776,466
71553.47916252632,14.543519233266474,45602.26161404896,0.026889640310256202,29.91891829463232,0.47534420001342953,153.25024308688802,502
72461.57998844178,4.896753729627838,6312.4623186145855,0.3192902424458711,23.25209334269752,1.0904965156360726,131.9324646840326,532
140460.20768871295,13.961878605630329,61927.460321513936,0.19185972373304105,23.450294736219995,1.027451070119418,43.94350415728572,453
10804.030443134323,10.670232820073622,74588.21498370201,0.9886620554100823,11.70941011699653,1.1332661289500454,176.60140629182962,605
33846.38464505034,9.787001237124501,241073.29086461593,0.3029963006172174,1.9776416704697075,0.13954481849413597,110.22621394759817,614
88694.15612289892,3.2424632694477764,275054.31340552843,0.22206408602551375,23.780023027032698,1.491175607650918,132.79453099638675,511
30932.003418136606,11.366085516903308,124753.59725895106,0.19676982349921457,17.914742607144017,0.12890904162916494,161.7616447170303,532
102569.99736292576,2.998636179447273,124482.88431778846,0.3738529048034903,27.280160673662532,1.2473342975867734,157.03635396619575,560
33685.658821834586,4.285067745085333,215181.9787091607,0.6058488953315778,3.478887005004976,1.1233899535467766,179.99398800152065,621
16675.23164862452,3.650926285495254,189941.99463288326,0.7819452750462824,9.153691892823248,0.9080545962131389,50.413663145705065,599
32633.80362684428,20.08216558140015,59321.3550745557,0.3645762477430684,10.819684611701593,0.6863428894602315,27.383504863228307,486
64564.637072265214,6.697293808877801,36768.2910772791,0.6259709800427894,20.498391256340742,1.147841912241765,160.93391834716832,614
28068.468277615822,8.104086471920155,134095.50774323998,0.48205989827938744,23.63235489309465,1.1227938147398269,57.40040225309804,471
21934.419688655402,7.441612125920722,171624.36713301507,0.8464953462533984,28.830612257532607,0.24890858646021652,28.39056358340857,591
129321.71916040324,18.965008903562875,45918.742931848734,0.5690417771584352,8.862214749724632,1.1993170857932618,32.365760781448515,559
49418.78613240156,12.25931822669777,91515.68055549114,0.28989167187910014,14.809092256927418,0.1639076462806996,75.75922961198386,567
55392.28560470153,19.383197978666235,95253.18394701958,0.7035872571782559,0.8688279024389522,0.7757919060863754,238.03710448376958,615
10180.02060618169,6.998498116557911,82082.96930212839,0.8200644880229958,7.589636343266637,0.9853686485224317,38.585218078213316,627
54890.704278304016,3.296693488638979,140924.57355607837,0.46544065676396507,11.22010524358921,1.2414488431940802,72.35023838933381,579
41191.46224359379,12.124369054483491,197653.75737432286,0.9871972388823189,17.814186195763448,0.7215098162349279,221.05546229983216,665
92351.7899665847,7.91073983580035,155270.01566671775,0.8790968791913134,14.125364807975222,0.39344421246946054,231.23062709065184,700
32397.76405551619,17.038136669814968,64429.685862966544,0.19695466966549147,10.93425179330992,0.7614564424120794,55.69356331521281,471
133478.0870533004,18.58846817823317,35367.018878982926,0.7867558721562373,18.722338995880246,0.41280176013382414,211.42819459510716,657
139590.65989609415,10.451470218141436,247451.78655511662,0.6009512443497661,24.85847031351001,0.816651803111415,34.201388741000265,539
16774.99646216495,20.427180481710167,146394.8814017468,0.5348112978078347,7.2504339895436765,0.7206368655044509,183.00720230082322,589
17895.637530709428,12.060260126888117,23331.059319493776,0.5139385865795684,10.286276377812369,1.1817315014380718,4.108950394721797,544
19068.31284042622,6.418407867726249,81145.84239661961,0.853411142782429,21.1477094906106,0.39813066449166695,98.18209138858946,632
93696.24993392618,10.779510306885491,242189.96462332568,0.6108727889034485,23.33821796275591,0.33997851707599225,60.113114405455775,605
20051.406703024186,1.746205848058552,226759.26580819723,0.5377059850537337,24.76190615203942,0.737568742372092,169.25791538403033,612
128152.58305367941,17.08002320526135,263365.90670472645,0.048859906758049076,6.27993656691086,0.12323132952673346,4.83741539388914,585
113632.18421080809,3.028701017088419,182615.90867049916,0.4483028697585574,16.17800883733247,0.38254391123148346,112.11150774631639,672
123331.71101922756,7.174969770060099,129757.25063562623,0.9080415620455077,27.00033295575853,0.5628721255721533,167.51823691403953,631
79856.9579791311,12.306330940098867,130857.32427856294,0.711736729344619,11.758513652744751,0.7570630832133199,12.162464706793715,584
149508.2273048347,1.8595025129379774,62230.0131254184,0.050953978056153426,12.89649270664667,0.44068323127677783,215.4786435290634,630
8537.915235735869,2.586337983628965,196985.69364777516,0.8839922821510423,29.544688317020576,0.8629229173271893,87.32618036775129,583
61387.21469954478,14.922327152260257,177595.28304739195,0.8266672213770541,3.3915793809751626,1.3237012663454988,40.498533905895975,618
49942.627002770154,2.4355418612153747,50685.00137150659,0.546684211569528,21.16805968384908,0.838404818968523,54.886014551280134,607
142399.5338094709,10.54165732494753,266270.56141338556,0.02240546518228148,25.505523811226755,0.4659173065178261,81.9985169785307,491
87375.42185764374,7.773912668415008,113698.11997662613,0.5624296180338006,4.523805499020522,0.1398724094033566,48.41164933552782,660
121316.26288581933,5.561588159128329,19672.935828715203,0.0545890499264261,21.433597080217123,0.2481661418850693,123.0283221857335,547
27210.49666146079,4.775577957273308,101724.87163003623,0.3203789596374804,14.092146660313267,0.8637651843934264,152.2706850233461,552
146837.85329726496,16.268225874651588,261607.73083991485,0.6289096189027389,25.586726540239297,1.0413778152513506,104.5897960231146,543
75798.65293769464,20.03084386300565,275502.19282922643,0.9129130838821744,27.223569505077183,0.12201851815340231,103.06068382493423,639
75063.46728805557,3.8035948440666347,149667.53309159187,0.3577956372594787,26.1745470946372,0.3190472530845484,187.8261851291199,581
145690.9398247692,20.19362438348254,287120.2823216583,0.8600237828834533,1.931554127370383,0.5126678424810273,72.94299439693455,610
58348.38946013746,12.895250069502074,263196.3337175329,0.9183610104005163,22.705658304449226,0.5136710078767285,149.84175130383085,600
60833.703634138954,13.833208107265142,248443.06154427148,0.021043880457314312,27.645827249574882,1.4396901705580436,214.40825882538994,392
88543.40001513062,15.198527562851638,258614.46908125078,0.2394278377525315,18.64045322012793,0.3454673670165127,53.941933257946914,512
20951.786361072467,15.08237780709162,117653.24658980293,0.7098622992274988,18.026281814354704,0.1406545067447079,149.15627447584527,623
49520.672708954524,17.396222163713766,228158.33752288535,0.7568430430795484,1.35016162194333,0.5618715025028627,227.56525543309343,636
30594.83172187932,10.669373026953949,175315.00590746404,0.3924168502170541,25.680990666178154,0.24494085799303522,127.62106593435361,528
17285.95490784334,11.667171750294022,217306.78051339046,0.656754612772855,1.3921068248748458,0.23354384944689421,234.47855596361413,661
130189.40173699097,7.476540049268317,57446.90173632852,0.6121586173620351,9.405288191540219,0.6408034586198361,75.10100456016634,619
89221.01258686646,3.105151875662341,220761.2039736079,0.7397749616010599,27.775891958616466,0.49426715191242554,135.86624034722135,630
55083.57314613086,14.292803818524382,287489.7680872807,0.7186584277451218,28.492354281885365,0.18300382542527127,75.33754453702772,574
62483.067850273495,1.6721993837250184,94285.68010252173,0.08587079799036135,29.757016214277677,0.9262399726698015,1.8889425911087527,476
65864.81254572849,6.5127010216673655,295917.59056691,0.15825018094006094,14.292068568386586,0.7774646607295076,239.35663600651233,541
95706.07895741699,2.8845972889220053,116620.92436758448,0.132727147259316,5.322886391430325,0.16179451997939281,58.37435626090909,606
139161.86994037102,4.814543146454361,63918.4316212047,0.932480069842819,14.638334604872515,1.3009794873205094,233.57137447157885,670
140051.3837092334,13.774618257947616,38124.437791070326,0.9135426483529893,3.069387752491477,0.46283393440788245,157.07484556866336,738
59940.81297053818,13.569532604098363,236563.76442001245,0.79741226959697,26.176083269099095,1.44400213817341,217.04013253870886,545
50730.84402046989,9.421098259914242,168673.49311108768,0.11671856067595932,16.816116997995145,1.4007310172066723,232.16145654581828,505
68754.88202741774,2.803439529789823,95603.73163029851,0.5742714699195859,12.135176975002658,0.6794401080171916,136.71118031573394,612
86054.2661034169,9.667478329188167,184492.85908915856,0.18723062608985142,2.3859210744241324,0.3814220636355856,239.9262312880007,624
70349.05089456274,8.054897437165868,102969.8504130964,0.3683839375588025,12.157220304498914,1.2605364331688227,184.39184831681342,536
99495.50465287174,15.409183057118994,137265.53841189534,0.26709127663741294,25.985748251703267,0.573864470352548,126.19167890636405,486
84051.05546020503,12.580532163981035,259485.9170971619,0.8289309814874659,21.102177974316383,0.2871485072733824,157.53144492162173,653
49465.90091072326,10.831315346739979,202109.1106734536,0.14445139951927322,2.4736655253289976,0.8498311879374647,47.430854401057225,557
53168.15925286963,10.739641646099903,229908.54271289136,0.6461791686100757,4.797215991785276,0.7596335419168354,3.636796524243623,575
58031.73255884017,20.32593774520838,177130.597683525,0.9838946637761669,11.769254721225138,1.2825259242802367,62.37265407810697,564
16006.685700909526,16.12588443406901,297462.4244212582,0.6870545832536334,3.04125248057756,1.1074580007670316,104.95803595105777,538
26577.269597268023,10.939591209202556,76215.96955581334,0.0792334890069597,28.021235759798127,1.3204022559132929,55.50456825995921,363
109020.84271751715,10.584452257779553,82375.89241205035,0.9078495019625249,19.568761338926276,1.1153192229616928,123.85457961870132,601
59586.313305267846,1.529582026099269,32304.8869278082,0.6430796776895962,2.8446900391183516,0.9811536929393057,158.2486499916953,648
33751.76793890126,19.85018526639613,168435.7531108596,0.4563109796052035,23.64172387141382,0.7752568708016685,157.734729934909,491
85275.51676507888,7.383479435346593,185940.97474046852,0.6596924785411186,11.052177857158286,1.4819522697698488,214.6096988974177,594
113819.85228606724,6.118781637614875,219158.66400515183,0.879044330472637,7.346119336596625,1.44078899480025,231.95026405948715,632
40098.50962711497,20.988178507753428,103956.54815503201,0.4771272279152493,17.099548258190733,1.280836823226837,213.87610819301332,480
124364.90252471418,15.373793430090489,8615.756550183025,0.5313214828122292,0.4011639936162392,1.1742128599890154,149.22181528391533,608
139270.71922450734,1.9472754659857596,191507.7134410544,0.4524473992179535,13.96192980312765,0.8874613476718426,50.17763294727985,576
90414.39030292843,2.237709540511529,299615.17029351287,0.07259142632366522,25.314149792855087,0.4266423727629998,226.4848270416125,561
101004.25353075378,1.5100312792039574,91892.05936804778,0.7870701269273584,27.841727879567053,1.319386589277549,42.79163434938626,583
9781.246567812195,12.992377990257381,59260.663478360824,0.12641174364183894,10.276641132493193,0.06568339557448868,37.19114442000117,511
141936.94387124217,2.431290001239036,88121.2525587742,0.3945700102883103,19.27309764495133,0.3797879518512031,76.89906936939897,633
60087.74067121168,19.66776713689861,130497.56505922893,0.38682284560772917,6.804703151065007,0.6354120453724813,138.09172915985087,518
138737.25928072364,19.738130800453558,79019.31404100658,0.28004079208673793,16.806392129541273,0.8999278750894044,163.8719590446072,541
87688.6736630359,11.921081334961595,107353.20748342133,0.4025071258944184,7.620831784595671,0.8632750145225161,4.176949885607003,554
2683.5822288124864,13.332778627919016,193270.98788091197,0.6180091103824286,17.140695258823587,0.3049329482586628,186.94732294102027,604
7704.215899868486,6.837888030504996,106783.25611857134,0.31138731220771176,5.151663518796928,0.20195738972962107,42.82967223185088,613
102701.98323914845,2.2794508481654665,121837.38871117812,0.17251193769827644,28.2369767028223,0.3723769449986555,71.85987951161206,543
85274.8660471261,15.74920890383631,16809.22252578286,0.8693675105072666,26.607524292218752,0.5556277438999012,77.97872746516073,581
5926.800706499003,3.035719774980349,275793.0379787466,0.9708326498571355,10.107547483465195,0.07037784748412501,80.45459373679945,747
112032.07426091302,2.7111528203678628,125031.35817488183,0.4585838238763206,23.29988666774828,1.0540609397972909,182.72785692806363,627
128117.5098862389,7.2244621840844765,101802.33723026433,0.3270197123445858,2.8651239219658367,0.4092047818193626,10.785702566320916,602
75469.78740101763,1.2493131967576412,30512.83789238843,0.047482077778229326,22.210827261162716,0.5595364329951255,47.967758595764366,518
70932.10117287374,9.68071231512632,192084.04854157916,0.036851540610053135,8.473773888381125,0.5356074513466543,6.334296245435111,535
2810.0201075248674,15.153618201601535,259828.36032780772,0.39288199564540205,4.069253060275869,0.7921532112738566,187.01357015411213,555
118424.1574490527,17.02697862843878,17140.194015458088,0.9302420183009658,20.34573653710841,1.296709597037186,236.10963886926453,622
50945.977878423604,13.086146075978426,47855.37787298047,0.7307085434015644,14.094204534581678,0.2666154325830347,158.63177106470886,662
132057.01572781586,17.93748406227825,48184.999521431164,0.349269418870775,15.904188051913318,0.5440543141853416,142.04326423959589,550
57212.96695859185,9.130044075342207,182671.0823275989,0.968046425182061,15.615893524137626,1.0534417712110862,218.02782499985216,662
85631.53077334442,17.975441701209533,276762.9983019188,0.4287579032557307,1.783439463180586,0.11413554925663333,61.93400274087238,611
42010.584653500475,11.129466209967585,134141.66828432534,0.2767927439746457,1.5414074727803107,1.2534690209852244,16.884490927983247,475
25767.070262567966,5.460722559965906,106422.90221718594,0.4263532447243572,18.035025118442906,1.4446464537212684,122.88280728835956,487
116686.36970043654,19.88291293320932,230923.00225102392,0.21154322698383277,18.7159392706625,0.9310739437438867,63.22334005854507,456
75495.39086924968,6.49941747674233,224057.87321791716,0.8856387702007957,1.4152366954534379,1.436937137994546,108.80850590873558,662
81400.21271533311,1.5240296837558622,77793.06108677684,0.3611733104176903,11.353179956634532,0.6489396526760343,110.05566428905243,632
144881.56111529685,5.8534808591005385,52443.776880826386,0.6579689644943214,18.385538386812822,0.6517960094499485,77.2008059522686,654
144609.82700887875,8.333751225148555,110553.95956253013,0.38904719882716354,19.70041967259229,0.20406091864948428,117.23157499834979,633
128635.03401195572,8.026993665785282,233803.0007068562,0.9017314179639625,24.848272778296547,0.10139805574966607,91.8562994514265,700
29766.17532922497,11.493350188871434,210043.7000249186,0.6423807517156301,12.621968507906425,0.4045312612950741,28.021181490868543,599
89952.35875663382,18.66253764071847,201426.84337508053,0.48825189028129945,16.447733434409063,0.7432865527966642,208.1474440699814,574
131965.81884901953,6.8467645421939825,249681.42524814515,0.1321429691813385,17.35681126826452,0.7861394667511891,168.604417748824,566
57420.66259444278,11.415412159183377,86753.44214071115,0.9019166628522043,9.36135849900957,0.36548430352507827,10.87281873496189,623
16963.712558466577,7.802779073769587,105206.69901350548,0.5468168682717709,1.614762073248348,0.9385682282590699,28.672955639842215,560
122022.50953150843,17.435461187464007,17490.137929706914,0.2850529729614175,0.1267777861531394,0.31274851851566243,24.06695850017374,561
73301.0056016014,4.152030265769568,261280.00386204236,0.8779268918167041,25.083762483555745,0.5230061533901952,15.756707735109813,656
85530.11669315843,3.07020536620117,176816.77180204252,0.0544404273944078,6.006954675671591,0.3337787970245248,15.114569425890899,608
147357.35585504098,11.059905064752035,92946.07610568953,0.31407691732957166,18.907639924774067,1.0601622199856995,38.549847571751876,472
91867.29171312267,14.437751715309838,25477.876777562837,0.5368284012021476,17.311424359317588,0.7990301369223521,203.64078863865282,618
64896.949078583006,16.91050402181533,218405.8034329256,0.33981433604329303,11.988992302215568,1.1173465936552924,198.947757791364,522
56757.686441385275,12.792497058106328,225877.56826697302,0.47673425537885783,25.004799261019013,0.13300984590789205,188.17200759153405,616
63807.65531279875,16.476995226380012,201522.70237393165,0.2643162523309839,20.95204787080137,0.6667750163409552,147.91485506271889,518
19523.064310442976,8.854201171218476,65115.386429285216,0.13008309093289716,0.6822439031751881,1.4520899395230598,173.91495921805864,534
119623.08264580063,1.6573534053293795,274398.73726003844,0.03685413861685172,23.30082220070054,0.12774829632422724,177.49700939083317,597
125982.09501168209,3.3219861580311307,227181.61561115852,0.1576465649121419,15.209964540052868,0.6566491000591451,213.54577600353247,569
44090.77591686451,1.7744520245799236,199038.11545727123,0.9529465140248118,10.410578672485405,0.10857741734064982,176.02998408294798,750
46961.899524671724,7.578873009529853,197028.45740942733,0.5754031333367384,21.806539695350338,0.26264731540765995,177.01377461701074,635
131401.46993755235,10.909826825373646,271785.5215270342,0.4889601252779515,20.581968889388083,0.7206633547809247,193.17540027852263,595
5547.6126181374075,8.126349673138787,278850.60426365153,0.38432383930570857,9.317647136068473,0.27839442664187625,133.96881056670404,612
79027.7016775497,12.211989501327844,180713.03831302078,0.7084201459833853,29.491166144936443,0.8021953661975725,51.9138808201836,546
70624.00577286215,10.612182969855754,127917.47623395178,0.14125947590609333,19.4612546013526,1.3879609400166009,21.205652139004936,421
104138.76189761204,14.558856037278806,112301.52397002779,0.27612986765266345,18.17339137361681,0.3405909593862687,101.15141093127382,530
26181.97162211926,14.339243271268124,246628.25811881313,0.6559021196637528,2.096410904453162,0.2054204390826868,22.912875532968954,616
100912.94963768276,7.36128294217359,195158.5752511284,0.47906436458522794,8.379563410342124,1.2466510148752803,41.46366354148515,565
57756.63316548171,7.92428910722183,27793.478924827825,0.7700925389590887,13.409220069793244,0.7173912787499451,6.697762811221964,565
93569.78716910702,12.702956432826067,46944.87383943302,0.8971098439566533,18.918771129290292,1.3297860933239998,72.74930355772585,559
7934.061461170836,12.928649357816836,270554.8390559297,0.8233725913706561,15.382908921911334,0.49387877726481144,232.82947955408238,597
70335.62518330739,7.293998272742662,265926.95369082777,0.18420771426073201,22.890988004141736,0.95992140752128,91.56457416679415,480
79293.13230939108,7.606357715508504,285790.5723657533,0.09147023552697853,7.877031374037057,1.3888046537374132,58.57333284620844,508
33720.30762253802,14.880900263722943,131216.0353618555,0.1694406005450485,21.06470985847453,0.29895890919946355,97.42442503603733,477
22664.300818509862,13.94821645752139,236297.9677540086,0.7835306916002306,24.497911406734875,1.2110564109928348,73.0199063293959,535
29894.196845820607,3.701016093595494,249326.38305772486,0.9138310894927105,22.9514992674886,0.9656992872754346,162.0565606798782,692
52932.87955337551,9.820837593507868,98130.58722226696,0.9254488677038575,23.125397537641003,1.2287727797092274,152.63755591702028,624
16327.902097135775,18.854121574211806,47874.62481200696,0.29821578937044557,26.65521171786496,0.29750535018200686,7.5349549571485905,468
142203.32976798146,1.7261135220895043,299122.77668355603,0.8403413780135583,2.525356274414685,0.6794253819886679,123.20623423782165,755
61939.12110138096,18.103278929684272,13914.66510664822,0.5362355350220966,20.91574714122309,0.23681398129158138,9.651725354429475,515
121727.50117099885,4.263563141282873,181214.09601987567,0.8227918483482073,29.06034603349383,1.4421190565787787,162.8898206730117,559
146213.7342201093,11.144972649234319,196812.62088360413,0.548364842380001,17.209519496236144,0.140902998292195,224.65819101991477,675
13948.821440405387,9.48672857846023,206127.85588104627,0.14589321977911818,6.519489359531779,0.14495092709186302,217.88960301585314,602
98447.08125437911,1.2025867468291764,80410.18447088146,0.07921955107309742,29.962614173226388,1.3523264786634683,50.165194789731444,477
130968.54483769966,19.30793874179264,217865.87706816097,0.9572191492093396,5.2403187846443675,0.4861051147996287,178.492190305413,686
95866.6962270758,10.098504546686112,68837.87116797332,0.42580255643157894,10.066730921245778,0.9156790476283677,190.54276707869508,597
65495.86596089708,20.0853655352123,249566.28544674633,0.3505206448973178,5.161865652515035,0.4668395169155948,207.58384041314284,583
65799.30093041487,6.734878019584357,69639.4188549672,0.3563030847683104,13.935386062502047,0.9906996446599208,63.044082321324524,536
7313.0351290891185,18.32551546831945,210528.27857744286,0.378934411475472,12.566280288328748,0.32908058544153945,108.74952818734626,536
81120.91119081275,19.44779147991261,236106.97832102288,0.9449968278943381,14.737226895317184,0.7153607141746304,53.93955853974511,587
149044.36352445342,12.136648327415612,60738.99638634568,0.06270458740317586,27.839502001662886,0.823563653431572,6.809960273474739,466
143888.71384384626,5.05355575735435,75206.01385161781,0.11906128738229915,14.349731575026754,0.5337821909163385,158.50401805972476,595
7979.085868640151,14.7049486421144,234835.60292663824,0.7896515154818492,15.438789786409323,0.41496588633998044,104.1198046764618,595
106457.95653716425,11.979561330589203,30369.69663231109,0.5494094913401387,26.600463177554044,0.2532996681232644,60.29993445469258,599
46661.20027114576,19.890593317052517,61274.48097766592,0.128536757960952,24.53273982044497,1.0739092876464837,203.45784340460725,459
135642.39470410824,9.785441236209836,139381.61732602498,0.03446013677833637,7.191660936763327,0.2940099381919137,119.46767295502949,598
8676.982364973224,6.37027295279644,279403.6689797073,0.2242343482792274,0.38777865686550617,0.47358326722280975,238.72318485380916,591
140509.36709763992,3.765740029882142,170753.9612934381,0.2608107377102711,18.88498776606153,0.5385177086939502,190.61252063841312,615
125946.41008059098,14.97267137373359,119364.96522142652,0.014213029574641989,25.3454947151256,0.7088318556205216,208.74147673688486,474
19390.648573385024,20.482192379611647,293619.2155556306,0.21609053833719338,16.585503378312,1.068724614347597,185.82640746264354,459
10854.00192296028,1.5668754114279695,141794.8353352801,0.7383189369523997,6.335307600385355,0.6705204452478729,26.316050849198568,619
125536.73432038652,15.808907095562535,132951.8172378072,0.8554336896370037,22.240652720259206,1.3130857510814509,16.541931156227292,576
25052.13530423775,19.538607251193334,126435.07348187844,0.8982358297697178,20.0861784783381,1.0356891875992675,219.70382665485675,593
81164.92664042884,2.495630684546987,97093.12141900489,0.3899140326435434,16.950976122256584,1.265805738388761,34.0291279415127,557
137530.23896604902,3.203400902122663,101079.96887258739,0.31941372590355765,25.900085220629514,1.088713243929864,94.5030500111482,564
85982.32080529985,14.839141968994173,207911.93267920194,0.9998608482078876,23.527270588170982,0.2655161097637945,146.76873176186749,661
60790.528617977965,13.959267517915766,17046.501215854936,0.7693404509215888,20.03856274268341,1.4679945877029308,51.64370562657695,510
67862.37611839085,2.376548306324914,206135.93406566407,0.5373520809075544,19.94276007069655,1.19055008536413,54.84312544615865,592
11341.34126417291,17.68845504302313,64355.32694713248,0.2547714326893966,19.866079028948246,0.8804465645193181,112.43168080763898,456
145375.34356151664,11.468476956897847,118341.3609453254,0.3213054528851047,15.754942347496918,0.28958486407028294,87.25392685892258,567
47976.81939200025,19.14394746673225,48228.996905297936,0.5153643488293872,13.91764933931541,0.300386940439513,162.70158441773324,604
30025.796767582367,18.559817619854087,168061.55800137858,0.5420829197907506,21.28801378496159,0.9407802035472054,18.94321072942997,484
44335.000672378505,17.250155381003314,220158.3812608812,0.01367864427367782,18.314834444106932,0.6534858428529164,117.8133220051989,490
144727.23284393887,11.317977924888426,109623.39493662758,0.9594000852714745,14.699416869016293,1.0299962757469614,42.64812033400855,644
15954.335916225036,6.0342128349886455,53207.89037437757,0.5756062473515635,3.799840617331248,0.5900202011045689,146.00727715117878,636
130360.84999417485,11.119510078222651,71819.14666969678,0.5891582444091333,21.057863659594965,0.7936254986120627,28.774976730722006,604
106760.89637141427,3.0162275560356013,246343.3109650439,0.2114711337538192,19.37995711733896,0.32253915504774494,48.234016100529864,544
124842.83851553616,14.176922969468523,83956.37684265646,0.7649871788012479,10.267452779205108,0.27504165922604856,193.12946689955191,679
146432.83597444865,3.6795443845801525,233537.264938312,0.7372645200918427,10.689694986452302,0.15968490736281138,57.2049106190853,695
126638.88901649704,11.22345925001446,102703.82500783226,0.09515797340476406,7.401671524057568,1.2384769921029009,177.15861597172432,477
141620.58798912223,2.0876394833363556,60676.10353117395,0.5949943722599202,28.857457690950564,0.8553100647905089,66.26198522547764,614
20786.418005056126,6.990249805492917,219556.02509009215,0.6581937453298798,25.80604088606168,1.4233545078646603,57.17157375088563,491
119776.70764471157,5.641609213395757,143220.783695186,0.8355681745738773,16.831470882366503,1.1367551079710256,72.49799310862291,645
82760.00272399507,13.400630854233409,14226.78912606789,0.20609117891771067,12.049594396755428,1.1647065823617664,211.54274427703692,527
82437.34807181938,16.735734240450174,288183.0137065976,0.8776347968064059,22.1047579108927,0.7881347295856724,95.92259258147799,603
135040.39329543602,2.146059090810523,48587.266296271686,0.46148107170759567,15.831845283779916,1.2324082079621934,59.258766642269705,566
145826.96515971326,18.005673703107686,109255.05805366195,0.09652361930564479,29.275531017453417,1.4159919957050344,129.25683421356223,403
106316.07181039079,18.21535389909209,118514.41732373367,0.10562122151087594,1.6536784176646369,1.0965233658863847,93.16829741664742,499
73474.88164182402,7.845381485760456,149381.82028123192,0.19780445367316957,1.0285720216042538,0.2031039642861519,189.85720722542752,655
69547.77096947312,14.180081319406442,236705.98658858033,0.2827507059853085,17.0583305392012,0.9939787959175841,237.71650277681363,527
59178.535669030905,9.05226063406899,6796.632504162395,0.49640580445979965,6.098376680667203,0.22462815774958328,126.85129179713424,628
55516.65637675407,4.08381764379263,280079.255144142,0.7487511977445599,18.129124906505773,0.16197251250706834,108.96798653903099,646
59943.012569295846,11.573248371262206,195566.8907598883,0.1867259020194323,23.44269085641532,1.0547055874181102,82.98546019701867,466
15283.4788171769,2.727193490031933,285441.419348936,0.9926517944995366,4.143292835546185,1.260438876289856,233.62795701256294,675
13460.540618544856,18.569443107919756,246129.91353786332,0.1615219317703126,13.218246725685837,0.28032016155758155,116.50470296511901,505
117420.73689310213,19.48579518819217,278712.274334549,0.5993779677221475,20.660012503480658,0.15751548155076484,43.54124952471581,580
68018.78815219346,17.432262740228072,182295.16252602503,0.9289404358713399,25.015907120189137,1.3354581965784635,232.64260138693757,562
139741.30430460384,12.250562415119571,110406.14994876657,0.8325074228768271,14.890322701090717,0.24170353863675992,230.6508281138463,721
92608.70927190497,12.151971822509099,135659.64861851308,0.6478892016631599,6.184607607180648,0.1008748359284189,105.1382875080833,685
7206.0453632941235,20.692147532018595,199119.5315633133,0.7154929967908985,17.57397766756899,1.095528834711409,84.21645711487676,549
25313.454514986963,5.958033796623658,130944.89863106921,0.1342056267053643,13.635512061749985,1.2791875534382473,163.62454975858387,509
32461.32936592512,2.5189673181041496,220843.4711229978,0.00966305376024823,23.157762810134574,0.7959863451231282,199.11286725776077,542
146408.93160966976,12.238818472023555,32095.164743608722,0.43414878436037274,16.667281926088442,0.8328916039359924,120.14917961576306,558
34368.22547044196,7.575711956202066,249846.06145054218,0.08951892633830305,8.382685349112924,0.5384477434546989,80.06430486167498,498
78331.8400906316,7.446775456160885,65235.64869439123,0.35775256191282434,22.631787591635646,0.39577163835603724,73.03316859626021,564
140554.18588274904,1.1417070833989609,283464.5448097932,0.22374279356973759,15.532410388858791,1.1450865017546,79.05709580424592,574
146624.5240273249,12.92478819095866,50886.01098149404,0.9163467223807427,5.326396568349825,1.2814623917755117,29.209872689256002,645
36981.34443676459,6.280674045512281,43103.43785020736,0.8800559990080575,16.892169694259835,0.5158048993395352,187.09028428889488,699
9269.41127500594,4.7571709638536195,244503.4526232809,0.8189428485310084,28.449601795376186,0.44703781806969445,26.08540738107361,539
24733.071215588257,1.8086386278600743,246517.03917238922,0.7139442984139875,21.165487828132083,0.4382979933403226,96.19716428919081,660
11372.614847978597,8.287231529512226,222934.02886496796,0.154071929104027,8.964100843739368,0.12336335613241638,200.55145757666673,597
30878.387681665787,18.579377447729147,288356.4868518879,0.048367426199151575,21.32619525878574,0.4575587860185525,97.58130907036409,420
86148.31777615283,7.733416151947447,84809.19046219773,0.6538878578546925,8.478189330065367,0.08719382960505727,71.44806970430261,692
137042.42185175497,14.581484202391874,248861.37800213482,0.6422581371750993,16.280665126237857,1.1931910525791405,227.63263998898086,600
81508.39478676232,16.130939268038148,108851.95636280914,0.36942428475448097,15.797872913626584,0.42109390209489195,31.243957094389536,547
94646.45439146395,7.562016183803991,163532.5945429555,0.4726866664355971,7.42172636735411,1.0507250245594772,212.48008276548936,635
31876.353238212083,17.432814700240826,136452.00876189198,0.48914938823798937,10.436435996394541,0.8376231590338065,15.836354898096301,523
120486.37585972981,14.837593193338982,6725.756688714135,0.23992813274650637,28.26544364358137,1.2643222634669382,99.83352967176421,422
93432.75845882631,12.184844574019031,174466.34709405154,0.3141666119075859,7.517956092463009,1.4425491549576814,151.98133226399023,520
129892.25072052327,1.0198492810125783,225514.23689036613,0.4183895546635016,24.030811308929575,0.5825728404872893,89.43917380986173,570
142428.77983685606,1.7018153184561626,56492.95315470502,0.6031790299115898,20.0211174003642,0.17809418883997385,128.77093460978855,703
53489.31481197566,20.81731688212127,279838.479258446,0.9558192060173925,15.978873975772935,1.136986358359588,49.75639831433655,586
15405.700663245023,16.64567847007119,161467.86412845863,0.53848460951904,4.125446083954904,0.08088837298881589,136.99924967457397,595
35437.48577168381,19.751305175458942,57582.57092957258,0.7311639095432015,6.137122581191335,0.37329683500505706,33.15953333891792,582
66800.55172002391,19.04606409836055,195554.53342048117,0.8070011023955532,5.369328707712118,0.12721346928605087,191.26701954540874,662
141962.66047002203,1.4088596628550167,61617.199012026475,0.11350812130855359,17.60382776921257,1.3523151388487324,140.52578931266902,519
57989.85371126546,16.836945795821478,23742.337747124242,0.6531246675539409,29.201495901554342,0.05768076846727981,116.18177544170577,593
116074.43562247476,10.022914880223091,207167.99651367645,0.4821107202544245,26.317177883249844,0.7644761392720861,14.065364204106434,526
81990.55044127174,16.791164080013115,37654.99057512087,0.5724309422478921,0.7575564878873176,0.6647987343805212,120.44606628409662,627
29055.698023784527,1.1343156832677028,36334.14727104842,0.03841693576904459,8.211798733870395,0.9964797635948023,135.69309385633642,551
49468.64960511084,6.763986024011285,223283.35113863493,0.9062157365473852,4.717723768110664,0.4701289284254122,64.49453570431233,712
98672.39898337716,16.026475515826043,21284.658796380994,0.9527841495754501,29.270335256937052,1.3168583306807147,162.94409147706503,542
101582.30241336423,16.860415772031793,243881.9078191466,0.003481923684611754,7.068307037934451,1.1148013252930202,19.34687054253142,482
66344.44252773884,13.39429202429248,239863.88380110916,0.21279159204151088,6.0393955511638175,0.6768269176887377,50.87669046619048,562
35839.54919399297,7.025123788925275,46711.06128294097,0.18019417370894997,18.626258807467778,0.569138061793185,177.27409564049222,577
108842.20336787609,7.207251825757258,157922.29094670582,0.7813045172798514,16.685597507243592,1.2330379588714975,36.186110323319774,587
26993.210158681784,20.33527927284065,33504.51983583799,0.5980800591118203,6.775544513437046,1.1477374328768675,59.68616788980525,498
140627.11439603873,9.784243584684091,191608.50983686623,0.17733366329673173,20.110945936117265,0.6285500841348689,156.55442814914784,534
29809.72969739855,9.94251100487674,23564.35382631124,0.8139709553188604,2.9102163388406743,0.5449892007846845,175.19316721085585,653
17882.229699213025,12.04665500481399,283621.85261521046,0.35347487180574844,0.581071980926765,0.10638758501068611,13.305931855000251,591
75651.85995007606,9.190046737287775,66280.56693402657,0.46085687629310235,2.472443721190405,0.16847550588821114,31.254869767279402,654
78893.34052023472,12.053431291948284,206453.9235048503,0.3873066053206454,10.946046779273178,0.1281817605536403,107.62220339653977,639
77212.55138718022,9.646708455351158,42845.97019124746,0.5213802064412295,29.250489836244522,0.08540245520463888,142.6779918148949,592
66626.78842214824,17.534298392043734,66830.95225639906,0.48014246882872536,16.417409964280917,0.27166495410413233,109.45371500860098,572
149232.60413878204,19.181020395965678,138030.14642059433,0.27458400266244265,22.641783090464013,1.2928556356368335,155.64972828201013,477
73969.53067524612,19.642205196307234,174063.36169574727,0.4245560374938403,9.64487256694678,1.2073310005960045,181.6823046587482,508
72736.09394949499,12.285924116587731,299664.65591554646,0.9083371498543001,21.580171964499876,1.2760820793508858,227.94097955438866,621
64421.37728175507,9.842971149289907,12648.23728682852,0.5028941364792451,28.985435943670723,0.9545105240669343,84.62149043793787,524
11890.21169581651,15.104801175836759,5092.753795005653,0.9163864104223756,10.732826708461598,0.9548914967989716,39.982039672567396,586
89757.58141014318,17.76647182591813,108358.29294090965,0.5501270478179646,29.97178304205075,0.22970103250187413,64.11607702488072,556
35739.230289031,12.259644841327543,113016.12850171387,0.7688172932641588,19.152298530949984,1.0634997627814609,36.41130236737806,560
96366.12907389938,14.999620436445227,265731.9846490963,0.2935913096597129,22.457742373941716,0.4560382957621858,95.22470843152695,543
9523.352368374619,15.99458701442496,274211.8515707041,0.7904134900444079,7.565017165444498,0.8029173281899916,209.54357655047417,598
147245.29098544424,14.527875534345736,264754.86802599905,0.2643216129849856,19.292723075317248,1.4343477755112433,83.94731536970122,498
71412.75169387549,15.92267111458619,47237.73139338409,0.019549971642973007,15.330187543871624,1.3123923217617195,36.56862583120062,418
134719.79499542338,5.172906651119968,126570.92637841667,0.16072894317769304,28.69207936432308,0.38813058557889857,125.90925880348966,548
72383.05363847435,10.967490940435951,225036.12287703186,0.021652875032036834,27.140251433685464,1.1181433927654254,238.07457218177348,468
10928.961148984816,12.765371092101745,97220.26499635122,0.9470626418914286,11.900177967752317,0.20093158744085604,45.97531126183352,660
123687.60482188342,1.0495586171404616,200655.2184106126,0.9999770204176942,28.406092546147,0.08877660432884726,186.9121134698565,771
97931.19199073588,18.11925017627364,74957.14464137214,0.7622302636195206,26.54437658250029,0.09085269843369728,197.78278751425833,612
117700.04304094388,13.200490168898241,100408.68109843838,0.10812816375158762,17.711515511074175,0.29685740211611794,96.91986409673945,569
65369.13979931325,3.5827266339640653,258826.74655780275,0.8989454603326495,2.4635372636862085,1.0576751830359998,149.07279384082145,688
96414.63814850345,17.327141451516543,78900.16564625356,0.7437761832661044,4.823707219786132,0.5767935455141271,104.33725472953408,625
128721.89256189791,15.341139328810893,289475.6056310346,0.3322445154020879,2.3062273402140065,0.07311653650170309,63.69613783305327,612
95397.68554503935,16.16599086927274,95346.57047636984,0.5022779118089321,3.239793439471831,1.4826328154964208,102.8423932172941,514
53455.69795571369,8.840849237237125,11940.792397866819,0.6617593412619689,29.30857123179233,0.8233986846863901,23.774342654587105,499
100054.37996619758,18.084050133899844,80195.76662175829,0.024050475673271232,6.365018976484569,0.6211263119114104,169.96251116495336,538
101434.41991488196,9.280551642647245,55505.4579618106,0.5015409120998952,20.72563747021989,0.8023323478208055,199.1771345594037,636
144166.8704509805,12.410183058911826,154513.95503417717,0.7323954332549851,19.09584773048309,0.8039578192948973,74.46858407554538,573
56895.02358816704,1.0128460739974745,38251.23956671871,0.18822537189633282,18.934345945590113,0.7318430367848409,136.38796102681582,533
64912.101592091414,13.897462293557245,189684.41878739587,0.44379057347933304,6.201119987880894,0.9387759114742076,56.48349915742531,563
122194.19825568477,15.363515842558733,263095.2258141659,0.5325301291849333,17.380397831538286,1.3341585988090443,31.463047591302,509
76852.8225819257,12.342187309775847,111943.07013210203,0.7355653719592322,18.766150487548547,0.48748485351177545,159.6048370618062,647
111012.81778112848,10.931176340872321,54705.35219509431,0.9644537107931075,17.112159499353332,0.7561045031266452,33.051715565391056,638
70037.00073913163,17.198729474234167,123007.37375640182,0.8482755480042915,5.58487401827036,0.05528379448531461,187.892997540274,688
33893.28098827967,14.627454343304837,236860.21232793498,0.6215184202299502,21.69181791224127,1.2967307079113937,65.94933715147086,489
112290.1687315896,6.56148079440046,179488.8638534807,0.5836406748348093,2.197294857495331,0.4935606389240186,196.6247009276359,642
21410.96503933707,20.181466761599715,34837.24793164292,0.6031866930726707,17.736000354588658,0.44338050257613487,89.07259327931204,519
31390.382202633595,15.145343883906815,163470.21052647484,0.5451786426597738,13.0877799720394,1.4964288953560003,89.15337964167337,513
94770.09745206288,20.758778578248492,143085.1875294,0.059362880258923556,7.50859779399221,0.8973697611805226,180.38688980072374,520
112595.93042842633,20.425226325377366,101498.11552624263,0.698296394588205,24.221669670784163,0.22841270690443588,122.95352013787762,630
134413.80725643662,19.378194456201797,37497.375835730374,0.716336800129603,5.2767770001655165,0.4350112063456779,49.03360491195987,644
42342.80161755197,16.107430824506153,294428.0210079811,0.5124803622670274,27.98945279693853,0.5621785529861515,204.24764298477098,494
18387.190272882042,13.188587369939349,56932.779368510404,0.870387605402543,26.53695084963561,1.4797870694124482,82.29661700734653,498
143494.9056093491,4.443413273658484,61859.152783269914,0.6724368027566785,10.817626414862488,0.6744014329765441,25.563645840377955,682
24854.61702727708,11.867028348475154,47946.894170159576,0.36266465785701696,9.154587925757799,0.38369428302457315,100.42424973656775,607
31254.71337368665,16.307530447886545,173206.94641618675,0.01969435359863425,4.1246005025670645,0.8761099027485849,138.17686139755327,514
45116.75912665293,11.417143174111356,135882.52447239662,0.059161646497680076,27.489834478018675,0.6369015041826651,146.7625948114443,466
80349.92039589054,18.364782568113156,78619.36869783401,0.3517982616417863,18.82595576469816,0.12969256280571212,200.71027502761302,550
132658.18377304357,3.1931179838339654,131679.8979913508,0.46210532519868286,0.9535074643020947,1.2983334380587719,130.39623088664044,622
114560.81136402031,8.618806960972682,203688.9460632068,0.16687111950842504,15.329982436848313,0.07274691456079067,54.46680545309667,582
106807.31796871,11.119288371873145,88101.6567920959,0.1893283064226321,2.573968434881607,1.352801271830941,63.53825304588202,546
27926.724042688544,9.64650591738216,274997.5039289622,0.2302113587793363,17.212520548585253,1.1981951202226133,25.10090060236224,463
54937.029465844185,3.1717309564310616,95372.13996742321,0.7805133395762727,15.268851549624374,0.15994365470649613,176.88590512746654,705
72803.92906082833,4.070565880892611,63462.81409274171,0.7712878409517714,2.4853813650816603,1.0992360628289282,26.320029613442152,637
23819.041115866705,17.75234585710974,286597.51482748025,0.3829389854137788,24.475817793503186,1.1678654391020125,145.78921911367613,467
42467.59591474753,10.68768518402902,244115.37998486293,0.17236438158439582,7.86951531498833,0.9233452564715926,143.67042717714057,537
47633.31418502095,1.9744485350545529,106225.59932882234,0.11090838506346923,16.24453092500097,0.8876226602263787,188.7353501171105,525
20836.877352697808,1.3298251795529983,253222.39608744343,0.08712931204717322,19.17116629891603,0.12204618805956238,18.836498224815642,518
83435.47440242213,10.46950803988653,158050.20350037102,0.3912792508993721,28.869136007254998,0.1362697391430347,49.495811099169956,586
106344.17308558055,4.287574518488874,107291.98698701353,0.0455424333211194,14.814350786395378,1.1045685422617604,218.3854081085301,501
12349.881458575459,15.102518919984437,252685.41891406823,0.333635037126335,27.519473168637706,0.20306950943241925,137.7646022414209,556
73206.21906094617,16.906469250555027,226888.69472500993,0.9615332425411374,10.645720240430967,0.40067394602439244,110.38796093330876,622
117767.25689963366,5.565934169142112,92873.07857971621,0.5075046156100387,25.723116049499847,0.7733130610438702,179.69462744548534,586
112702.53908496213,12.843538897635614,183970.16200110226,0.822644656835189,7.074786808542503,0.2880373267383883,216.70477781030883,737
122630.8182403756,4.0888928697077205,113970.11593834018,0.12926594589539908,21.224392873062534,1.1952673627975372,63.859303230942196,498
68339.61370924984,7.07165303188774,5310.331905314501,0.26807878240970484,2.6583598126498953,1.2206981344796786,216.45267528591106,543
123442.44823069939,18.775909883628668,288735.6437130824,0.9465464445440088,29.581510700509778,1.2711076563282935,26.97801562374012,544
37631.454539711885,11.881961829646215,167140.57744148685,0.3835518969340236,28.61809199587104,0.12187377512332219,234.66624840744083,578
55399.96308979227,18.717773902884,181537.61749140604,0.6484061284483223,13.266409155521332,0.6704160837887554,40.39958619880683,550
28100.625309834595,5.504956083590139,181967.970574802,0.9761267791625894,15.718056539707607,1.278030625435787,64.63049209594826,592
71187.71183542864,7.600486864973321,167439.23094172383,0.5507877563307355,17.933245869540663,0.5766681159447135,24.085951681902255,580
60024.8833174856,10.419042769136341,90564.11420821007,0.3053459492287359,8.251126790690101,1.0589395485683826,193.0786851458975,540
37657.21322931821,10.601601503890858,291614.9568478766,0.5319484559520623,20.234143056154878,0.9044065610755139,236.23146282796125,624
113263.54496615566,20.95295934367401,188392.18169200906,0.05463719933085931,20.95685839813548,0.553452494225409,71.97738554817458,458
48449.32227252369,3.2889063794226017,202921.80136341864,0.11236987409269117,15.752294769758269,0.4507870021811144,78.82125853602874,537
42375.040861583686,18.039300712031814,139163.8634085297,0.0071711050522699216,4.432220774556531,0.9964774835441398,67.67619690782061,440
21371.76896587327,18.273640788437405,89919.11314478086,0.8842100415650043,27.575578316748,0.24375499865420064,38.0039159513671,614
66945.61186668841,12.063972630755748,23982.949741604156,0.6712804288995956,3.4513524703684584,1.29717765267725,189.1991678005475,567
46838.7650679207,7.880743365183076,108317.90798752644,0.2983297651327481,18.875165061315343,0.88584298956702,15.512041762180266,508
56652.38051846335,11.384522085765923,56948.741634175676,0.2211614192073046,3.0926578982926536,0.21168008243246678,232.29801718335358,616
36927.59486784179,6.849354096131276,200316.0391358185,0.6830766011577799,4.383021273987678,1.0701150855303774,222.62841035766255,607
114947.01249334526,16.98214896879879,264306.14601680223,0.9195320647852825,0.6161494208648699,0.6751131973295076,29.30694138293489,642
139640.49540849816,10.965583174206603,94312.68318246743,0.2991390910521107,10.900922515702787,0.34591805227660477,127.5562004393053,618
75693.91421275536,19.51684357754901,103200.37449714374,0.3215591093867818,19.187476932661134,1.443550474741056,238.29147471599651,456
97163.76665444321,13.453826887120876,202757.52862955845,0.8542407251937729,15.64632659198616,1.093489288270917,204.7760005225739,630
130341.4969377925,11.286386662293667,49035.07310116472,0.8933758158837523,20.236174537454573,0.9098407538255944,171.9169605040957,684
149826.78632538146,15.221387079553045,279184.0408699213,0.9140365668297785,20.250565826128586,1.2808574125360743,6.3681659603755625,578
92800.43974001515,11.078659288604685,112334.8004025175,0.2931542080066948,4.20521231982716,0.8386111953291213,17.3422094430097,516
133687.36104790057,19.090127008388944,34853.836548398525,0.1203125675963489,1.7201221026514668,0.6901323878827106,190.7700865278035,541
136474.020490235,4.688919217736826,56531.781451589246,0.43999757199854206,18.760744213040095,0.32469794679802705,90.97032015164153,624
119134.8201955281,20.466973674918112,280160.09242220013,0.29576486514118105,19.59672914925728,0.2724161164213591,160.75521871271238,545
70217.84587882031,17.24381103702384,77900.19006886089,0.8838666668118358,16.701112054251134,0.6763555087391799,177.66440886331478,630
14010.792062737097,18.21466723729739,200369.29713022948,0.036634941803544874,7.372873989722121,0.711163139589898,101.90201842849629,474
4339.222205139809,10.658156647421423,51068.74094378821,0.6338804696362723,24.322956509467616,1.1133031325845544,35.2682384174863,539
72625.69372587284,17.744030986751948,62259.999242889426,0.9061813657481139,2.2705804648877126,0.6910232645534707,93.41998623593163,648
75158.55096312343,7.1354816715441025,264375.2745754934,0.976670366806066,18.96935367964078,0.9100808408198559,209.1805777141465,643
62289.6334037199,16.238963571283506,48669.79993025574,0.6501305992980432,3.612346076381164,1.2571518599105567,80.12950118864293,584
86088.76799112195,3.809003167780453,10531.423087202353,0.9499229570223799,19.633431492996888,1.4903353084902855,15.97321678010296,619
83720.0800890552,7.141038319250174,152863.7909102515,0.07565946262506729,12.531773634704894,0.5176617069693595,230.23240870716282,580
125818.73007283856,9.914653267194657,259504.40991256572,0.35927834599623976,21.54309166313014,1.3578339724061346,163.68178124475457,517
18081.25128281484,7.446394362868437,101167.35839760929,0.008714697326733689,1.5657660743080404,1.2187737641877185,130.26476371307825,506
35326.29458362073,8.740342312483673,42807.8698404846,0.9811837721908184,16.65248965441104,0.14860970096335196,199.15665585681586,705
119364.7368860253,17.40209489567396,294758.09472186316,0.9027264787666992,4.346336966402388,0.5345304497381423,99.26740206520591,629
127479.85634910088,6.133517842843352,204637.89569937694,0.028052556248201355,20.47144894831421,0.3676122917598559,236.4426747685323,591
149233.98361588843,15.905623443091445,255953.73642470615,0.018132650459765975,3.598668939350472,1.013357195013347,205.95996358607988,555
131190.97842528846,2.474241382233037,226880.7903370325,0.36696949410636615,2.2074996885577747,0.855183747515648,68.05019325578179,657
133705.053046705,16.314782150301216,210981.4708268111,0.2585379667909018,21.39368394550838,0.7675340262548528,89.68046893545593,494
48523.49550922592,16.84046485659546,118446.39980362149,0.8469322772425022,1.9059580370484697,1.1571674575209874,66.90256844342852,598
61445.92183338771,9.03397551004964,100680.29799507362,0.1604844032718623,6.735924537945483,0.533297608927376,158.58246144072905,577
41676.595513441556,15.44955646334941,216502.78578886986,0.7906494627008573,24.742055913770162,0.6049908285522352,153.8003315251097,587
91732.31093252191,19.302768074901984,216430.33741228288,0.5544596999906632,24.29064923424679,1.3051692249269014,125.87890376953938,494
140943.19242264167,17.014259471090536,285423.57329448254,0.3773917714049878,25.62377273342328,1.4597023384270096,231.8358495229066,499
53006.85120371942,8.808930207939198,172754.64626525508,0.14571976173337875,9.782996687661411,1.1757181441133568,113.87379387446784,504
84436.26371845463,10.684270285601288,91913.2262073637,0.997691305959671,15.841440862506278,0.3647529134269781,188.3096522129791,722
45852.34530711579,16.587150895716107,149410.99580249086,0.6179861209215367,23.20042057818456,0.21334486663757862,158.28473300522407,616
27130.39611836071,6.851891796982471,186045.57593414615,0.43938223256799425,4.109565450332414,0.3533474642604129,124.84620069457573,610
30887.45841316104,17.07765480617747,130885.29087518918,0.37112755655273166,21.731726376471546,0.6630039792831998,11.060730623524195,473
10575.910991643232,7.561422851218824,238384.27139106672,0.9057282306308553,2.9245904818396387,0.3932106902340754,158.14131069301146,693
142495.4414053701,17.119811647710762,177460.89760367214,0.821191808190761,27.39751825880603,1.356509664704417,154.58022514201787,545
61626.18205912918,2.736008867014467,7783.539650156912,0.8111857883682237,19.119305475348774,1.0225482075627883,30.844884707619,569
125449.892016312,1.8879459382118027,173102.7670284425,0.6161984729623928,14.799159380692675,0.6542574049353704,191.22367911119912,677
102836.76195807429,20.953508947396447,191913.116852849,0.8879565826958018,14.541877640014926,0.44702701264926314,112.61158594336507,643
30404.33188884064,18.38914246469378,275002.0692055008,0.2992783721220704,5.440861435347312,0.6019584574543984,78.47089744274929,521
27968.412493704996,18.65695006932408,127047.89373093563,0.7037061351632893,10.377521173639611,0.7402733632817589,197.92629321718584,592
122174.25382356063,20.02559895213235,174467.9594850507,0.4044477423918925,21.813709959514473,1.0850424106548064,83.06565931997986,497
41177.33317169153,9.766326188289757,145124.24796074032,0.5999988085596921,16.228308625631655,0.17954525943187438,149.6223391168345,663
137166.2071878924,6.736711093603044,161838.6463983212,0.9981530006126929,15.879186123007885,1.2808077626939713,148.68163754810163,654
22728.199894044614,3.60049990035806,24854.700847353957,0.9845247806753183,5.857376836367382,0.234962045138761,13.620629835010805,681
102300.87493926148,11.02418267076929,269698.6819222649,0.5126190164674482,20.71086935861052,0.43055261886003493,102.0572377073571,591
122542.13365257822,5.400966409532156,273571.64025032957,0.5738634521648246,11.761017031840508,1.4907053488702466,54.244121233737594,608
36817.94548551546,19.711017134786395,166677.58490357664,0.897321769137301,5.4826001531560244,0.32580251936416416,48.69738819435236,608
42878.68979157178,1.080063248855582,169183.87713767894,0.985635712513855,28.313542547889877,0.19665617229020121,157.53589138190316,714
144748.79514860184,3.8639347548624317,21979.03060346659,0.7786078026260798,15.203962405968154,0.9756876877822576,3.7269888732951353,659
41160.44559123142,5.929517061668536,181395.40137032824,0.0651844579586307,15.841099425370963,0.6200371657842761,232.60987579326465,494
65633.64338520708,4.979134231863901,131599.77801435292,0.32263973434386395,29.441157306444182,0.1831613796893376,95.49845043515225,575
66012.30779987018,5.515568731594206,214167.870919159,0.8965623399203079,10.992184115114803,0.055426521106115303,72.41404329833232,727
39449.142989593165,14.120952101223569,18901.85039569385,0.7683525058504805,28.290620536873487,0.1647842857531428,220.8738815850523,620
116817.08079268939,7.550241566262985,214711.8664051995,0.7422330710244271,20.8477608340644,0.8079665892192647,117.31464196353595,611
116233.70279791497,13.300487638067466,89633.6780305326,0.6679232304681411,18.992868982343996,0.38479477043986626,147.82373510498138,620
57991.06610512028,18.805158672925824,197253.07248366685,0.4152638496323835,7.032549058274418,1.1774505947624774,167.3083289242338,517
125598.61707994858,13.051135310514042,190002.16271707628,0.4032413203447017,1.5526701716337032,1.2933875179540273,209.26729436278677,580
33535.09029105235,14.89065582572763,71918.23796650859,0.808932487590801,13.133515148554164,0.26000787568717676,32.0083355662764,607
2637.2547988164397,8.310065964427146,134933.4418387987,0.2937802917650709,0.30512885987175276,0.5386788125649817,20.51510980299365,553
86532.76958424968,4.194769352454183,251511.81142073072,0.6848318727009735,2.1300753231115035,0.26253248192888634,238.49687745600266,765
149123.510322952,7.411681248998122,183649.5348604583,0.7262085234239566,17.85980267083119,0.4657044201938234,3.123228588630849,616
7719.357854378922,20.28565297408216,25277.799083631384,0.8445559893615288,21.734154992190824,0.39684640718832837,170.2585461139912,551
32783.71490885217,13.436227689062742,135658.10523964476,0.3198855907070157,5.038449957728308,1.1909541063589204,147.04462150811042,548
78799.36708808846,6.550222388680304,96972.58033948552,0.7418892668382021,21.975012380213215,0.5509455331203961,133.0596941884909,631
121871.22899384085,10.018305343242076,194285.47527893164,0.10648989757868688,28.491774797842552,0.7685689581790558,188.81288224404233,502
15178.216751107877,17.710260748619888,186296.36268210193,0.13806172895190472,22.2952824217859,1.027147902935823,238.2010344848746,450
60494.72875631636,14.368871414115471,8067.439945491457,0.41733604017340153,23.541456587250988,1.2422721412706708,12.205711337048648,462
112567.21849322318,12.213056814583364,184270.17527844658,0.05522577635524728,21.021377408051155,0.4867531809675551,147.8727877417201,510
56988.39484414151,18.703257532676822,221780.64792555635,0.9476983214653384,6.742123213642536,0.3533699681708277,172.3098627808331,688
29947.79023039457,14.448791444335805,231775.35955846476,0.9018958105093605,10.82669826467508,1.468757391946008,74.11949417535143,537
30933.382454694925,13.854594615821908,22397.852265038542,0.048933695525843146,28.478008883094518,0.5142139397388705,214.39387099610255,470
62687.22046341915,4.795362744215362,94579.23304741134,0.8383117218922788,19.83631736910356,1.0230487438122695,110.22128910648114,568
72953.72707127189,3.1277736602481556,129275.70036269954,0.5088741740900253,23.670742018022167,1.0328695089828162,40.310352406515264,572
129548.53383677008,20.30284234114798,58032.653799498985,0.7019628883735499,29.06083856534032,0.7953426961193345,205.20346802885172,565
97053.35794806304,12.977167402007055,129116.4919936779,0.8869311692981873,6.943107615379972,0.3812487959526076,226.3592232814899,730
104179.48926829422,9.313668182928582,25983.21306854974,0.5769744870776986,9.650600019796604,0.25511326038355553,24.78406549012972,648
147482.10138731424,12.780416418204352,38399.09848708022,0.11632710028462945,19.344049585034988,0.7561734101259252,180.6517272499382,546
62952.82916454411,2.2362392214343076,202264.95503880872,0.0025786104865862525,0.7307242135202197,0.7908478282314967,52.3883983804875,546
61696.45168087099,17.442545478082135,82458.87604224571,0.49692153225144653,17.136572320011172,1.1713817973234566,2.6066100228961866,488
138655.3512234202,5.332910711286719,214864.7250064739,0.9492321321243601,24.260651385434965,1.0792584937306806,63.286703669607796,613
38389.586876748675,17.09092012635894,19192.015764917058,0.5726218716131959,18.313301214723754,1.3724598543120068,205.3234506177585,487
110012.65645282426,11.687568865272212,170997.40064783336,0.3729391380882292,8.861798516883326,1.4577478147370657,34.74294655131203,507
113676.82445628392,6.531440273138055,120477.35575811788,0.030922017080913355,21.72312250008185,1.1053844229893341,32.22986303663208,451
16472.623621925577,1.6041989648414092,240106.56061506225,0.9149794172782003,4.380948740398367,0.16094131080386742,177.63240178183733,780
71298.24804265043,17.316667106532115,236265.71616064076,0.3271566608580422,26.8432040783555,0.6374215483647987,98.11995361694851,500
31683.245755589996,4.529202829386133,115790.09452496491,0.7047774013150961,3.027450931213662,0.9327634362689903,36.48817133576988,605
29435.54037476788,2.036102312797469,188700.6341558757,0.6942372021114649,25.904734012873043,0.9057828536024385,55.97008997923905,566
70646.56034850568,16.117554616517616,72126.91630174899,0.2538831613687479,14.934282832086975,0.3130934894543673,190.90986007155945,566
44835.59671119361,8.000864447459577,176220.01667322396,0.06377750646072533,12.859410104634055,0.8952698577037635,149.9612408238667,506
119816.9462486289,8.786680111833,28973.084714519122,0.38500037867184356,15.01985281726294,0.557036736428094,182.86197664339315,618
136325.5239257914,5.94135174561438,133208.26381498997,0.3171310138371999,6.006189092787636,0.5414439250233881,24.36780411814101,610
120802.64958267812,18.18356957393794,58904.6660537422,0.7002563988723258,13.730567386764408,1.2593101576867924,110.48692360108129,529
41372.569148006456,6.946590522130641,265597.4487169992,0.8197824956598391,25.491594476959754,0.6618030800689191,191.50839393673837,580
42571.89026591404,5.203851395020477,136245.74130021536,0.22244541739167467,24.028657266563968,0.8147241333934563,64.524467457555,492
39699.79581738518,7.184994526723122,179278.2558480728,0.5282310697764423,4.891456034739878,0.8661656484999942,41.43616344187083,597
21985.63821632294,5.06299150334794,111312.64879735307,0.04060834738816166,20.202629343871852,0.8663453307848435,92.24635062230892,468
141682.15847934925,7.353104416104149,90178.60539574185,0.2142558229334619,25.70511794896276,0.3590261949858895,80.67781374746859,587
61503.07412724627,2.6587244573634607,64861.336003152406,0.761761605322083,24.593027658564278,0.9192073765660603,45.32799415284666,592
35254.04223278931,4.1706005823891665,274002.11688677076,0.7933983204890724,12.768973298915443,0.5352042329689733,228.9928371601458,716
127307.31547522005,9.341057667922957,240842.40581595103,0.7764044634518033,1.4427852103834748,0.999779427164446,116.4605186887502,691
61080.90479335299,18.589337111797526,44312.03760715411,0.14238792498827013,27.935082689212475,0.26126151850030427,146.33024911027198,512
7197.288044230654,2.145814934445717,225283.8385060805,0.5510347274684173,11.87655347544186,1.4914676122188208,29.94455119115322,501
25967.352396945415,5.253494135200613,128466.57922581269,0.4227084144433829,10.829299117690313,1.1694627726074236,146.79838606343156,555
96609.05037271316,19.166913510831925,9542.013213368107,0.9914862967950905,22.78544833436439,0.6550145785522459,133.72212367682283,648
117869.98057741515,18.800293483198434,160868.3595109855,0.6540698690583361,7.919166464760677,0.48696018375321026,223.7311093377548,655
33218.28949632951,14.589016665918825,43363.6998250355,0.9352020913957291,25.04243769501876,0.6123129504858764,99.54371545621845,608
137774.54721138903,5.809471081904759,66930.62236261042,0.1453503050084376,2.2815468245794692,1.0957519955221187,187.91284201381586,556
127947.57376772034,9.396211221115715,210332.08362010744,0.45087327310022907,22.221336021486326,1.0003413093976194,73.69925385244716,587
127560.35160103998,5.224419888759301,80856.90095665285,0.7716076001058686,28.973684713245948,1.0680341424008517,139.36674516236346,589
35693.84972628369,3.571770182504065,268107.0195433359,0.3678577280304026,29.873063906225205,1.339048833404732,222.5459249413633,465
9479.32632020854,8.59996789027783,198865.0787351301,0.6325084961536467,27.71413080192499,0.7116280781500935,150.39204327137622,551
130378.68384342238,12.516432101407004,250523.62804868867,0.5117021723736607,26.12287216218928,1.0208056652491138,170.9669254201955,499
47258.43385330797,8.198653509296104,186480.91380740431,0.9919294092179923,8.366406733731907,0.690186534691809,210.3603015234191,679
93599.62441368183,13.216491009319395,261310.6293514947,0.17387254006549147,28.999450878892922,0.975242213273821,222.1764228308031,545
114475.09878770805,6.925094707586109,111696.9791315343,0.9353486953301278,27.836897814430586,0.7384942735962734,50.77769517353303,621
20987.402259645783,7.917010555215805,166996.47018124603,0.40157095380329677,16.0311752107556,1.176162259639945,47.80528955937527,470
117564.0764688191,16.81347183289219,157187.6681310784,0.4679929663772945,12.062329631810387,0.05762717876141291,132.5637943311998,627
140899.69592623773,18.566294617877162,271618.2588830013,0.528601883689979,3.278017606745647,0.36278088589518365,238.9284139372203,644
109799.49493046854,7.440681630621041,53650.045539540995,0.26536654943357985,17.719022334753742,0.4798345564867046,118.14640527127641,597
67300.9667751226,12.430316026905524,175527.92514007425,0.963657442610793,21.01637845566593,1.4208220340641184,80.0862861817191,548
131748.36453525204,6.5632456778453605,227557.2022969592,0.9114872052347894,12.11989749544587,0.7852170088020309,129.40544470900815,697
80063.72925073873,2.0666928341485504,114164.6793574298,0.9729051002113627,12.180886818915956,0.5783102259973049,16.39059001365274,665
112226.09731687962,15.75714362720816,260936.54976171302,0.996919572209523,17.199341721429114,0.6362525676398242,43.35241810406946,695
123434.87969107341,4.420069664723007,115039.35628793154,0.669800095180972,0.833522877214854,0.7051423109771776,36.59197974581588,684
112904.22353145288,9.514250474938343,56126.084169295245,0.4516854958057447,28.73597689160247,1.308354065665258,7.671815271981398,479
44602.52165512679,10.740909867583136,177294.26484448437,0.8507339014963048,8.697171212901281,1.4453870052362,173.60874042782285,595
19440.897334063,4.689431683582118,129067.56296100718,0.023804877836338556,4.226725853066403,1.2740387276233345,78.78841646097582,471
37274.1023455849,2.8911070132679253,9481.080881191341,0.8344040447135034,0.16465188403771203,1.2704023069574752,41.28017838685946,617
76425.49067309228,7.9602602934214115,25602.38478558345,0.49728602421100665,25.7067462415714,0.3385719108854187,123.426261155624,574
76780.98449937819,20.04571815100637,62606.768160944055,0.6732200270834178,25.896221273990072,0.4395832040552702,78.3032130273235,589
88231.36369855156,13.302711799768428,231952.33805785494,0.3740460613425076,2.8591981355313036,0.9142713118092437,94.9312472207409,554
60475.07195708785,8.62820456805805,268151.6572299558,0.3686231538668159,4.56723908666403,1.0013992494899009,76.41210427777285,512
118459.9244546041,1.7782164154842985,165964.0578341956,0.03171715281088772,13.43706693773304,0.34392279149681787,1.9520599317608842,536
137146.75505138675,13.005465627821636,36141.81144166642,0.4237894304290133,5.571125191989468,1.1321087154824503,165.5105985961231,606
38515.30791496175,2.8451528187074517,162653.59091134457,0.40835419541933005,22.074634105102707,0.33994715173340084,27.455024417440264,566
111005.43621987943,11.850881420950527,257403.61087609877,0.22479110186807127,1.7411923711716704,0.43136543755465057,53.375032898049696,583
102339.83417666661,16.03901016543486,226095.90059116395,0.24732327353976746,16.49127997157598,0.4948535300733354,46.48577341175573,548
79417.39389333861,9.471706965895727,90873.95829072561,0.5841395804425117,11.483746953417123,1.2766875539109597,80.19678362419108,542
29902.474613375714,6.988229896330488,41547.72974006556,0.31777144253950307,13.948394510767546,1.1115216504627807,39.28724539962911,517
119694.37427024101,1.947684676351972,270701.1014298617,0.8302519090172897,12.742713530868052,0.819493881800063,83.92155768092103,663
144172.69027306724,1.495557503231936,256956.18025650224,0.11138510685706648,4.59477547603961,1.238636482295598,59.14017864804846,567
108831.77717057479,9.600531392910424,20846.03271784161,0.5776449465750436,6.608444559256869,1.228745958637089,15.630412048206233,562
137843.27950060862,18.666905414059357,247983.97449824645,0.16004472713910234,1.9442309673127978,0.615257989125649,209.06455154358918,573
147659.41921230397,5.881255575863808,33677.72814655715,0.5282406269206588,3.4585672589721375,1.1830840668567588,74.03388459659203,636
54103.49978740725,12.481110115636426,23668.67185360092,0.5525458869503187,29.336844672567448,0.3490520194024034,23.77243298395495,557
96457.08583309787,14.686116393595235,228787.26465814654,0.6422976865257292,8.393604350317558,0.7796818324354885,125.64480456955738,606
72142.04517043554,2.2165973500272287,163211.63346786262,0.4274249472728937,9.210766180186926,0.221450509063572,30.462848890143974,625
148021.05453575804,4.062007516067542,127291.66710664408,0.5094746851292544,3.8131899129636313,0.6688520041073241,185.7692751481864,721
15883.557953143287,7.625535868391341,271639.34781292645,0.18095261608129332,22.654926134902546,0.8045303661624265,15.717128434321655,479
63031.487315989245,14.401863482971411,252594.55375998735,0.46301534973632963,27.724284305618458,0.1658816189783019,112.04799203667127,551
131579.77859003097,9.780702244561937,21998.9241063817,0.37303038909429054,23.69251611199953,0.7207885045110374,226.574492897671,570
44039.593957924284,15.683901364364907,186745.73637264586,0.6661311046544097,18.378474883025156,0.9949222872921929,38.99360382436083,549
118593.34189455316,18.35195731146385,232818.8839462002,0.43482172349648607,24.396987468317285,0.9404279403798699,49.127113780414014,497
58651.908091477846,16.167445531970856,167394.72103361087,0.7793416509802202,12.126906987985752,0.12881313744203265,144.51111382345655,652
147036.8239037434,20.844944146264982,294986.6222274756,0.42599209857369214,25.784920652420624,0.18824254456689155,235.18512311128612,592
132762.41579070874,16.087221374632993,207384.01387102675,0.23577117297395866,23.95556548914546,0.5594665566349545,93.2147438402569,524
46595.41293406707,18.04358390014901,35722.188745622465,0.2736887189585846,0.05173932768957057,1.2718942982283532,156.0261771737524,508
115988.58080360256,17.64732716930002,63497.913539986264,0.04528522509163657,14.63382404752551,1.3111462770926756,37.40377800481051,455
51854.76848732377,15.60531524560093,248742.4582538413,0.5399188106009101,7.938497282376785,0.4989386610764927,154.29391485016825,629
91741.7003518992,17.03603633311781,299043.21857756854,0.8308808839003218,2.5869874910308646,1.0923935236001119,61.38623352421947,619
99455.15372220721,19.693664557348203,34010.08372735496,0.7691117068175701,25.385881282433246,0.8872163589098826,147.575738190428,592
124780.12054468434,10.504147570525852,34597.148764289275,0.4377894663384714,0.23849052903366919,1.4759622752011772,22.190028731982657,550
5618.724450538202,13.765740478250871,230199.18097226863,0.1961203551445122,21.90490506166081,0.187233672820053,126.46759618757366,529
34583.36789054035,11.298794431455454,23984.51310637917,0.8634844432974528,29.645763629915585,0.8444270762483695,57.73979372690445,580
107363.83596710966,18.02073974384146,25225.23423913,0.0567810340450684,14.460593001187071,0.909179590863318,163.92838009572978,508
85401.43907149152,9.627192057430147,267200.8624878505,0.399222725202494,11.137215898243038,0.49611942787911834,179.69307910932739,633
75349.55157376917,17.39453542289466,241132.69463394303,0.8566151423839511,18.1749886342414,0.11808220886263264,203.70606480369597,681
10171.073592781107,16.98709150114278,265061.1439599928,0.3931766874041964,24.140934829430165,0.12555157674734774,238.18249317166058,602
53544.83075229552,20.23772202737181,196901.45362916234,0.11787547075695992,7.207559813258365,0.7077461785909254,110.78579233712244,478
130034.83432277595,5.978413985148375,100148.24447196325,0.2659495003457961,7.521042874606087,1.0540869946936828,161.2720657125505,583
6572.139881332763,15.192390197718245,272362.39114817337,0.6000294417429484,18.215340422605404,1.0652548894145348,5.403268184257084,486
60672.56283399219,16.138389952949723,93123.43986745737,0.15203590769457087,28.19639462562916,0.312406282096645,217.31580096018445,504
141881.94657527434,19.725569856093315,86275.69763918055,0.6549353268423558,8.953199272762904,1.2940596044583903,148.16261178133038,529
9530.348712662166,19.13804836111062,266488.1236618675,0.43816193119924574,11.302639896870392,0.5968855176561302,101.70145004630366,556
112956.45115460624,12.470517234168966,205842.6647854963,0.3343895008205219,29.799999043808686,1.4483334578600058,104.80074551979551,437
40126.667194941394,12.583063717279597,269223.2649892266,0.24092548052316387,5.286664956195474,0.2213314699171734,182.16095948013455,599
130258.10715874353,4.345824568084588,50990.880329921856,0.8233299858567095,2.309045051259122,1.2628593130214487,200.1993308450787,661
112418.06088598602,20.49925404847542,285927.55534086126,0.39667394746340157,17.692657166418183,1.3670903222058992,194.08897863924958,511
133084.3652870377,6.1003492540685365,185758.93622659647,0.7384792656062277,0.7280096526489899,1.2428795129084105,123.02973207823867,643
33956.86898382737,15.494724369025842,202070.33800756113,0.44035519263738443,5.412996938244681,1.2228196547395418,89.70404637875957,491
80631.32771315353,16.91590009610625,274647.8711963032,0.09186718688677942,18.66627542071404,0.5738995223371703,226.98390737831298,519
117331.95164907051,9.82431009222762,117322.12753491545,0.4405059751672604,19.785372020739988,1.084347504745411,152.57368642008018,541
38363.56196325718,5.22387440058116,217274.62343527933,0.507687779735764,15.312757489428591,0.8900525207163856,130.93316474961657,566
36150.45317954811,4.779207684393735,193900.48323172278,0.45784219349337685,11.512441386881498,0.6654947405752667,143.99822475476194,606
6022.955757642583,18.129920018031836,237387.05206545827,0.8162417117482725,17.28592753265545,1.4900119592778356,151.53809545652155,536
143860.26350836694,11.215129734970297,269598.12359082565,0.9108513490430293,19.30157259099716,0.47115934131042386,171.42441930155005,672
107082.49824808426,2.802739640765334,205617.95235187793,0.786778675211034,24.10446138874952,0.649058832172287,133.21114211483865,633
96062.93239350736,15.340389455257775,24953.668578403987,0.5827819022109597,23.782524846295424,1.3591485041402702,210.20992971533738,531
112111.21895885865,6.003421056100592,59026.402025685165,0.5414499605548907,19.944022965448436,0.46906200468959747,206.47169721141816,657
80678.71196692502,18.527895015017585,286423.5637687898,0.644616030123659,26.82697749685397,0.27138765608637977,106.69960097202814,604
72467.80552138074,7.191435720599506,290751.8896462817,0.2878302964393745,25.140757607862565,0.49949963702075334,41.280130798003235,506
68530.77168628109,5.005416601802862,290386.92754101695,0.8118468461486851,3.9973802465382056,1.151001931797597,138.8207155912931,647
96785.0033913389,2.6971688710986865,15855.823118034803,0.8568481776036609,28.7003832397045,1.2967883140682857,149.35674578935252,631
31827.176358072713,11.23062273275295,117822.2095450784,0.26721716318183053,26.75226906953761,0.2159452320524236,126.08771817494272,574
133432.6868622007,10.014751756365747,229103.44767645883,0.9028182081400776,9.627815385238794,0.9514833875584986,213.84809737247792,668
122139.35094045124,16.026242892062857,227101.3120790601,0.8487327239916674,0.6055325582111837,0.8725660131123772,23.231841428823447,622
53735.41449490101,10.292051743860728,30343.12696023776,0.42448676748251024,18.119278402748623,1.0197567889943793,69.69302265561292,527
87634.17592825361,7.8763193784874215,184799.2216914081,0.9090002020927456,13.152527305991642,1.023031738133854,207.92377327110583,653
22872.040392602165,6.233098312658882,47146.537469552946,0.12043899381150813,22.48699987758396,1.4412278318864662,225.51978181230712,449
145907.24469417252,6.562934909399422,150496.75319599904,0.027986559208900363,15.737992935258676,0.552467352218772,102.79609285391389,558
135628.11776928196,19.556958036556278,75707.28174813084,0.34786682559405435,2.2947130575284036,0.4846620365168792,47.04191165998416,611
138440.83096188167,4.301572041756247,20682.54566174466,0.565435698827345,7.340622607643276,0.8927766644416466,101.45874966587441,616
51160.13106011084,20.763528491143003,28605.73053034982,0.3514426145328662,26.475712683795887,0.6726567658960595,110.0237804563685,508
27031.93669266265,7.538389103844495,273713.42017032293,0.9420677336713595,1.130690871451503,0.7369436948532385,125.1770813808495,673
33342.280193013925,2.7678047083499493,224670.55943945254,0.25471022905514507,22.10009008194861,0.15045164058151456,66.57038616372532,576
15320.2058746733,5.9738076157573,279888.07462302037,0.28121339359267894,8.75830523854297,0.26495115658270985,75.71795030092056,618
19776.37325500488,2.168287591092374,143647.03003839805,0.6348276125448551,13.579194091274912,1.4062936580596497,157.68544389171598,585
12553.071059357118,16.800595383278317,126921.28719107727,0.0038638823417082024,15.930162957348257,0.14902260492167652,149.6088020881968,491
148493.81424232127,11.251058250822108,110730.1512881182,0.7275570523545992,7.502440719216032,0.9057111093869002,159.24250111256495,674
12960.53713862289,7.7397323773360185,186810.59333536655,0.3774694830931572,19.558813289929883,1.144133792075941,91.17111098422188,494
21616.227980809217,14.240992092631249,108710.0191565434,0.977747867643296,20.803266542936285,0.06720211623919987,81.41318440147423,660
124433.680147429,13.612930519006404,225150.60402469183,0.6914175930297486,2.551784390123253,0.372984814503408,85.0177428405324,666
87875.55207795558,19.797441784551804,241388.61123367934,0.052214955082343084,11.217812275542618,0.5967544447316109,228.33118003203074,537
116613.7462762612,20.225210334967592,263374.15506166744,0.09262780874197363,22.331319036188745,0.7848852982495693,95.46357965149315,427
95374.97715035293,14.613675513308106,76626.2744223568,0.08816810692415855,21.649126795233958,0.5453131773957076,145.86564272476423,482
132561.9104086843,17.356318544883372,160471.50454125073,0.9526222598919437,16.338100317157174,0.9910489243161226,125.95952173280271,595
96493.19410918161,16.84850200670357,70916.16193530246,0.6840515412175877,23.330243396040423,0.37827640001353335,210.41701402268362,615
79274.51374966634,10.826070653997995,16078.967909000636,0.4276060072889357,3.2293467911952978,0.08695025782207755,89.21891538629549,609
107486.95467667235,15.089165760668338,213808.46473010213,0.20048268988003104,3.5463380353359018,0.05227802368646852,104.76052220112474,588
68214.12726523221,2.565180153671404,166949.47581086177,0.8736397464358032,19.724679008890345,0.5509924173269697,202.4278350189483,667
53217.44578990073,16.16042166300614,218558.54746815967,0.20155592767134045,20.800016036853865,0.5744110588316584,39.468869753147494,509
71212.56296263145,20.236660143847352,30848.758864928448,0.7066792164758174,24.43580565963211,1.4254759702104887,143.0363969421967,477
27117.687554586977,2.6994950625147687,298680.22282327287,0.763324361545346,5.431106333197712,0.11493203315434264,96.57806162686914,677
119892.61601079833,17.72231569183709,298332.8272493744,0.2946560888554083,15.503149782933153,0.8185943371960126,236.60418258312941,557
40584.15963771981,19.659600532985426,142174.94852353624,0.5049147371706423,19.824938914067474,0.8878293056825771,173.4108039153481,554
24722.668857883025,5.523777796041242,260487.32097923162,0.22298928231839388,6.7109872148704515,1.0639487672516934,3.5229468106646404,504
38460.13178391757,11.496223752184076,76852.72396263925,0.3789296574554981,15.507835967819721,0.9761651702039578,201.63426220674788,540
126626.38246229148,19.55716450925977,222582.0175608726,0.9651343982800088,19.153350731717882,0.06180226589971713,169.05993782733347,718
50869.791748464246,20.204520090459358,264371.6277600019,0.6931380346544302,6.43348534433041,0.9661936264430669,135.06965882425175,591
103535.38068687322,3.557647687046327,245326.54849382967,0.8466142061905151,11.266902307504242,0.5174625125646116,57.43470573635178,698
128748.62533704941,7.980084511109013,244473.35308114145,0.540599571466741,6.490164304071239,1.1706599939543127,36.686679447437974,575
13506.210704906232,14.962892823017132,141592.8564662152,0.23903974215135615,27.08828713285796,0.32312980989676365,151.1874955231619,511
115223.61196635035,5.431169987718606,246897.03459473795,0.7128798566671936,7.1039664578997535,1.08849819536691,106.14572520248957,612
47534.489024096445,7.495412572689617,208757.91984128364,0.5005679607905664,3.6250387795739094,0.9569682338491384,206.92725462324,603
34060.10989923832,1.4658212000938655,44073.16245254029,0.1768488681070587,1.0546593458143105,0.9958217837248386,63.707283296363435,585
103957.41496303989,4.070433618623978,38684.39919903344,0.41242988961821025,1.3486041723405051,0.30512414627695367,153.3672754222535,709
136649.9001645186,12.246589888354876,232717.03010071875,0.6348402190163059,5.747587049004508,1.0203023019320703,60.473485761505216,617
45662.84288943452,14.061801326083655,189511.90618801254,0.7353318566822382,18.24625533920857,1.1186186925307766,153.07978190329592,520
86187.40319687923,13.97823662191674,158215.95457145636,0.24322079589035173,0.5294962353336796,0.7596448787948181,12.554369489555485,514
44895.448849724744,16.567209415564335,272642.2283004043,0.8759973393493311,8.602317742714416,0.5435302403319405,94.6180750086379,617
84034.26668751134,9.30562827477583,199579.15527700947,0.379551107074678,1.74500673969898,0.29150453146785504,42.27186219191458,616
94035.5805368424,6.46981432482311,121863.28980104855,0.2711367178927484,12.109763108975029,0.4704427614105738,145.81822509741042,572
92329.63754094661,1.3116140008504997,127109.88341197422,0.1951200554537248,1.4573021348957282,1.1575511255561555,76.6980047094779,563
94284.86270712639,5.132596521047738,183547.08644118757,0.8041713344029736,18.22625329862484,0.6436310505920708,185.3962956247431,711
21991.809248193564,7.247756244040746,229281.20898247277,0.35416457496606246,20.652727965570456,1.0689342008902234,28.388052142774363,496
104643.98949883449,4.5641371296093105,171484.22554999162,0.48339902788793465,21.940126489312906,1.1231324212478058,133.9349229936989,572
101863.05274427305,1.4028894299320451,155084.460254658,0.22281982356387564,6.730301959387653,1.02754682498022,142.8890092430555,565
103023.04208809871,4.148952173303831,219435.70728298364,0.6860910711689315,26.0550048588523,1.0266307143402753,6.282879833095773,532
12962.441805328537,14.321991071351446,213053.04222257572,0.7810334075524223,20.708645019927793,0.9356718962727748,9.60058489326917,504
68132.1486772946,13.591708329451915,249952.3179810005,0.3394252489533416,1.6995065789946118,0.8017118691348847,74.66940118639639,522
62537.199542768,19.71367278796085,23452.77695180185,0.945079385371402,13.223001261042812,0.3368341959618911,146.56903001944698,653
14833.299579193472,16.963365827946184,227710.87896418376,0.03061060956023609,23.032694801174436,1.2720649110366828,231.06856884376734,424
34910.453328727985,12.355122336823824,156559.33303074856,0.13294310327404035,9.326817801606893,1.4481830501070132,22.697258887290463,414
67262.46950610944,3.7511269498642266,27034.470409779802,0.5887870315604908,11.446763217217944,0.7264018951202412,169.05590279738254,644
111950.13385899618,12.281436378503138,205307.9583100083,0.7014068620483797,18.888114818896284,1.4031961960327508,166.55915318734367,601
37085.18739373015,2.2319012182836153,216379.35723057314,0.250682989509059,1.664426403476934,1.497092079698761,161.00434419733097,590
124802.9866984869,9.617697948217057,159470.0150156819,0.5540710968913485,29.008051215237522,0.75498407324944,124.35921462619622,589
82778.14628944058,8.805172578943909,239170.69840668002,0.3183862470428127,5.234430318291836,1.1003152919374537,232.07140219582436,581
114542.40940732339,9.556276187258833,93573.19204564394,0.5540892456215902,0.8001599893878097,0.9834959904632578,120.92425809879485,644
71938.28553385485,6.596518367895744,64562.62946677365,0.6593276777642525,0.15968946121260763,0.39403398320108346,201.35300192861067,736
75880.74536248906,14.716608952476474,108466.51576426715,0.9728080535690574,11.986631249981873,0.11827969344376224,63.742424087044654,639
93718.46962818675,17.818889345975588,125964.90142231337,0.4556968600211837,26.52760096426133,0.7073652012029624,193.70773133433838,569
139339.650008542,16.37033985197955,210300.4127086398,0.6482160402713806,24.59286237653787,1.1914472462245949,239.17443041140507,558
74788.26204911068,13.555041915817606,254428.38167407716,0.5780392479199319,27.36137394749085,0.5214452609000606,218.51055107792865,573
80241.31564002707,11.766895986660266,217670.8660732096,0.31755489388757296,16.013469579866968,1.1874361457301172,73.67314078171495,491
91095.55060207436,1.6216836001606074,56326.329925532445,0.25306413169772035,13.46238701625493,0.9994624388462855,203.23163672776747,592
111152.24032006341,15.458679973838425,113034.04001607593,0.9878707217447237,11.575829283203834,1.0585349601355016,23.766452403864033,591
12633.849651962679,11.899658791569948,51732.04546709451,0.20685236170151533,1.3925422737391757,0.46432428814721544,162.97210674751958,564
78321.74090125186,6.414821013277738,207583.63886962514,0.7902752670742368,27.28563768915461,0.7315687051224181,82.77294968381808,615
73275.55520249443,7.5568407770688335,78210.70407398377,0.14658739102076102,14.885282768541824,0.31347051003656484,158.42215141334793,579
138409.3776671604,19.712135729394827,159989.1451912948,0.8043512693612508,13.652022931545304,0.4075417657156033,99.52751281149222,648
75038.97390457848,13.48724490234454,238589.80374243186,0.18572844298954805,15.45502461042352,0.18028256248400198,3.158922808252063,522
71311.43913476099,10.518248693150566,202927.08610187646,0.967156644016167,23.824635543426012,0.23382143912950165,56.27509641746029,670
144405.5983031359,13.418434794168153,93020.32724621415,0.6859876565745173,6.734132579476918,0.35524454497896296,11.130309653137523,674
68685.31661293047,9.27484649971314,103195.69143182055,0.09011824367582888,21.297020369847697,0.8913396064949636,103.11751154916446,504
28770.89568766937,10.403645464060324,197742.46454789437,0.6931771194590108,21.323092225620986,0.6897561233440778,201.77703752803575,609
34103.58617525667,6.806185134153408,167092.98605528352,0.6036207627815519,25.486583467745486,0.4370622932200649,177.3812253950437,624
16087.75567387217,9.79706601183289,33436.0788036631,0.3375462466939585,0.2605079539161004,1.2986130480016491,189.5500125123317,567
2084.0831303237787,14.711844648758209,262827.5188356961,0.26073599775671463,5.111866297053962,0.8114641524458799,193.92071606433026,593
65927.95782807132,1.7988385017293842,156220.90817582046,0.7187607817481522,14.131405561342664,1.388508736771901,89.89360934239065,621
115847.90203213677,16.900548145923096,144641.49889325228,0.7413613729498658,25.516211623844352,0.9706991953024732,121.94014934892225,560
110553.0335343757,6.659590817226256,63539.60430651739,0.32720584895253657,28.953505848839523,0.07289201496663913,122.51982965041086,573
6758.064994821829,14.651195868649994,116213.1765963085,0.8762271108395037,17.84605844038204,1.374539751972758,28.056835547721295,516
86357.46973191688,13.854506293601201,103183.33438295424,0.26882721888849126,6.364019262690604,1.2933218367371981,143.95596718865755,511
24833.90256119445,14.052560982826106,84867.02643468091,0.06986442597481102,5.53754087473937,0.9711432730323039,173.12296718108018,507
141279.2901451752,13.162578325116058,172384.93952079807,0.5998678448275786,19.18331861958802,0.8254216558096861,147.02130876807732,582
26770.019947338533,20.182036761390698,141371.2312826832,0.10707057283161614,6.302074411782138,0.7067428063119483,179.28585839557593,523
94742.60421922727,11.166883253907816,267313.3171678268,0.27666406426648527,16.592622717626586,0.7491535263619059,29.41501308184076,490
50283.2776002804,15.646382310307029,282696.47322891245,0.5071863930484379,25.044357874317065,1.1653699292214073,182.97673817386834,469
96951.07624272413,15.108986624691553,69744.6616222868,0.2863596223572976,11.6945894538627,0.7940553234200944,50.74548470506587,519
63014.27227668312,5.725351545566607,34531.1014863271,0.2149963424200444,11.354165692257876,0.3052358131185389,210.56161065864836,593
114427.17174134642,6.666116783736513,236674.5776888861,0.7031854149056544,1.084210106732213,0.13435747240083945,59.53858365184014,686
36140.51054852296,9.480341963139358,298484.1140733897,0.5469993414022956,7.6225373527366465,0.2329701006154431,118.5861797020152,621
136057.1942313105,6.553958609264185,259762.02060697548,0.8397612482502805,20.945743788578234,0.41458960781420984,117.45664490093559,665
76031.0280983761,8.334861978599195,11990.733625026744,0.5812395946554776,10.811737353965894,0.5832144760875746,65.25522657369123,613
113901.78586150223,8.81921227856612,79122.74745840747,0.48344721177377836,4.7489675186976585,1.3440032176540526,87.44859067628308,559
127760.06832738161,13.077291218766879,17785.97172717286,0.2612563516107882,3.1730320128098133,0.39667648668951855,45.35762302906648,578
149826.63442131112,5.397800854701233,247129.91622714413,0.7920658750912973,2.851601344521267,0.5134179091036755,137.2540666925933,731
35143.958507905816,17.085837317533745,176515.0580062333,0.19687100856436723,19.774002993536854,0.3733710823138221,219.21369805470175,547
44460.07720739132,9.750727135430092,156546.96964428088,0.24222841097316028,18.37864436380646,0.8413256371238934,76.66920979443444,534
39064.09683631946,15.124882233664938,168562.71518897562,0.84158859675307,15.555630168062548,0.944775709627006,122.42696373537838,590
40904.957159647834,2.6288496248163575,79473.12131549438,0.7411925257292111,15.009793444774182,0.821584921250883,206.98946624616724,658
88201.82174782785,10.399307882487339,182483.31889596453,0.6128734889795205,4.594105580636148,1.4301921442645633,109.14727221996793,573
149041.33342558477,1.5643906435465662,14046.758646888848,0.038920530786573426,15.018126742802618,1.49329812559848,199.67121850144278,539
148561.15688972766,14.518199836311295,195573.4585713977,0.12725761828472648,1.7981332980113973,1.2642241852180667,107.68736897559886,531
79962.43824162154,7.874201539941391,221657.9799027551,0.49995746018760967,27.775753758080636,1.2176794100909383,106.21794954389873,547
96576.02711917172,19.985056282116574,203542.747794989,0.746338923482891,1.7408266200782052,0.5807765262869324,38.58035096086274,577
129275.64046783769,7.482484292028388,102974.66790210498,0.4641008641918233,12.705905846817556,0.8906860839348977,30.869939037960748,575
140074.15185111878,12.276117960354537,248747.5599626251,0.017293024414783087,0.01713169209516696,0.5596350074758835,147.14772188638258,585
32171.372844772497,6.147751513892294,216085.4791496572,0.1842699986668217,23.584513163497334,1.187315976951922,198.7327123982142,489
80224.17588348303,13.402252578946806,42847.710262661974,0.5887666996202181,4.985105656068901,0.2991551516831622,33.36215035719628,604
125259.88408990382,10.340847002664692,62567.545058802934,0.6942170596879913,27.747480534650343,0.3641739857272324,218.51245311957007,618
46873.90734191956,8.412565230112659,192946.9818875804,0.033428312711904384,1.3193324358169356,0.10610640276194783,86.77227264557641,596
67091.73828710907,5.073786981603598,90377.75939902771,0.04333175346050033,24.623620036932806,0.9329625263400889,102.63647235847641,462
147871.92302377717,3.230426879429106,40232.7177266399,0.26131011545636296,19.699134384467644,1.0483804752439876,214.77436308233285,544
147786.9111146889,3.3975826791334653,50715.8529792182,0.08350169538656493,7.4920715665767155,0.05487531503549926,215.2148516268161,680
136103.80799324688,20.980800350111064,53857.06825941819,0.5419462321933647,6.0725882769178465,0.7906393577916634,126.44127158186569,598
120170.35503455253,9.246214537144693,145948.31751142276,0.12370198195668047,10.73033800131067,0.5964680808101722,67.14682172434847,547
41831.31410697525,1.0385941574667892,184178.7087617017,0.6482193349014225,24.852086495260647,1.198952133637213,42.09353388882403,530
49485.810961943745,20.058575812520285,57038.67108205241,0.777225319307587,25.858696450063665,0.10639158169803292,65.90763133590062,579
82997.86049832146,1.399598484596253,215186.50005715023,0.9705166637521067,5.258561385729773,0.1204202487862139,187.56994803240485,813
84995.0514351778,9.371722511090674,87898.71921295089,0.9484069616377143,10.60344119052992,0.9493031931525259,78.57720172906224,613
76814.4172648459,15.349551719413117,96909.65082621845,0.2733651502352782,7.1247415170676165,0.9078763391406578,167.00018918688906,508
96227.2014276133,19.291984887435234,70932.09321686173,0.029409602623172826,3.679285429136937,1.255080533347115,47.65299652482371,435
62431.80734968234,15.25772582864202,236635.81010324135,0.32941221611176796,19.39348162586784,0.9087869892781737,115.36236821264701,500
112877.77528269887,10.272515098000236,288145.08071637875,0.7084801187126533,10.37613069706606,1.4265877014576769,85.15338563805851,570
51365.38911879659,20.488840779682068,150287.45536003736,0.05980120927253929,6.761521343290023,0.5058577312399121,121.36334527353513,511
50940.195548060175,1.7863876606654085,17399.0392224377,0.3597126576714287,25.97993320505929,0.6269860392869604,137.21692452992218,589
20829.442359990542,20.73784405076016,81867.94834551538,0.29803454754690695,22.449537927106995,1.467628266429229,237.8334565476324,441
29929.40708428005,17.987831034168778,51624.83588005959,0.2193456358189767,23.212834460890274,0.20591015288907827,216.07491627821932,538
127877.09008036093,19.57860034252718,253614.87403134527,0.7061307547303153,1.1758767354984045,1.2040620371346054,167.31208812828157,615
68049.78610990534,6.095448481950733,30031.92629279552,0.6590970050243741,27.453913476931987,0.06677463625763842,37.74468945677007,619
35724.432409819405,3.8491614456853953,290110.4910030732,0.5354940940343433,17.242151339227057,0.7554442116348609,220.64782496507317,585
114382.48280331334,14.266305587454001,178611.56410426466,0.9107746396815976,15.114084140535564,0.272433389184578,214.32807089921192,680
83989.2066208952,11.3171887597224,157733.23718687816,0.10313885273027246,0.31756038083343485,0.9183494704056943,212.92211978774307,532
5131.089690647435,11.46335921488759,254968.4336136601,0.14968922447813082,26.92986631302314,1.2073464560763507,115.48503058038037,419
48821.49568583385,19.49238356966435,13126.548280979567,0.3834496792194131,16.316714114580016,0.09791133840849656,41.798903943592585,545
28196.208845958474,13.401618133065245,234260.06107506785,0.6558820518629006,24.75460387021606,0.2874704535580306,181.30236837757226,565
99069.1834254604,7.221276702091798,39398.193442712385,0.5840792922454121,19.665328822148812,0.5467850526847585,93.85509431871121,613
42704.59401327742,9.00133112835752,253029.53918742746,0.07404268746793197,23.900808405326412,0.4209085004907272,83.35182123644415,475
11612.123323071657,3.669916701837025,161106.98467516925,0.9584248037464674,20.78795245673407,0.60566884021907,94.39690100166729,624
10130.37840125505,4.8462808055137865,23033.173696227077,0.3050648164613915,27.628917070074802,1.4302090347353051,134.61786323432915,449
88095.6400978898,3.86700140419077,250807.2864463907,0.35897261378309386,6.764525590186491,0.19674888478834873,80.711000547854,618
5215.071444205264,17.20582682422709,13057.664536019234,0.6236297990434235,6.063003141987215,0.6637590575653696,165.8910260285503,600
127621.23274414113,15.097469359442377,45819.354403613026,0.9451655174597346,21.37624685835366,0.7127824888309952,155.80598718273535,642
24998.77365007679,11.606900352217037,240358.23452885554,0.662688239103272,15.041844017504069,0.4564959751522859,122.61816470462918,623
91771.81760892361,8.487356672551416,142136.98153807785,0.9547733295477041,17.9748351100461,0.45383450864697605,13.899602372833373,648
67813.82814559036,14.369885806487009,265009.66778467596,0.18759111882047896,21.25627407573681,1.086390634536515,224.8337010867102,481
67542.02514232157,17.25810695391522,192451.63547336965,0.618809928972935,16.422845910000078,0.945873571843925,99.39541166577325,585
12625.977069286788,18.62466431343418,188940.98253927036,0.8288788918762848,23.630803429985885,1.228606428613072,108.41931343432705,478
120807.3330314079,11.940324564126671,91209.35630894439,0.5090244682548472,9.566020678075574,0.6373561725931758,109.99177042611659,640
134171.76774348138,17.397702436394017,44435.75444776139,0.36217367582934046,25.769713307990763,0.929730989120526,88.24168201899413,535
3630.4667728658123,11.226119068253901,288545.85531452135,0.9847585300318772,3.230290587768022,1.3457028039897476,162.2265106377043,643
28433.418003173425,10.490601783757818,35915.31829730157,0.1409873403966605,19.020119308835604,1.284426283988759,4.326329301899976,416
135777.81994173088,18.308637112442003,161058.12702170244,0.41092952752865664,26.70397522580393,1.3840339191249404,209.76849070525222,526
83325.05469440861,8.72747872529328,85407.73429626017,0.8733737525606602,7.580823837051139,0.4400137826659261,25.482927039424908,666
24205.857580735097,8.918253580814046,82921.49575652914,0.9004807465059209,9.805040247717388,1.4788607175715744,239.93156835005138,603
32012.98698615551,7.098226905698323,180402.93469432986,0.9803821015597741,9.163253354782167,1.233765377433554,151.1117483732363,634
99677.96414709289,11.374034565892334,240390.56456776633,0.8848475922643815,16.927911353251012,1.2024713187598899,16.832907311019472,572
109272.88969253721,11.897000673789215,234267.94743522722,0.050957025387412536,12.386154466954455,1.0179889713900558,135.422457203015,481
90715.16766983042,14.209222906209138,261296.4983120983,0.9297664996274883,3.238778549847071,1.4757385613894949,80.18256239928192,632
143065.96022705382,9.61004620219141,91406.3076841483,0.4281671914067853,26.7386166526938,0.6902666806673966,228.77733032716986,576
75121.413341943,5.356745837671987,142396.65760594676,0.651619187456582,6.140298874760224,1.1252319919054956,181.55757014287047,634
46440.24299709395,18.336841248277516,7753.699099907362,0.3942758691671191,16.022400329655888,1.063276367583356,122.1765058069763,460
72630.47067641788,7.9200173447602875,225322.9988252278,0.8136680766135487,17.844146878117844,1.1115289143482452,103.7167984822864,602
55230.611462658424,19.458868396803496,94191.2180819735,0.5759192763227661,1.222555309426251,1.1396239805454222,239.0126589236992,557
35213.55211585358,5.147066660529115,170640.59231470502,0.8455446425540043,2.871369829630117,0.3265960421257594,160.50479630562185,692
8802.56090234073,12.20114952472461,54943.583195737956,0.19377147152076724,29.15069131288655,0.5561246310684834,123.82920843150657,471
54127.44904763838,11.732301870589044,246722.85460462692,0.18498309475490227,19.935370204481472,0.6187682939475622,96.10864406345058,528
107288.58346104185,17.572956958539905,246095.30468709194,0.440376801584787,1.0069553113928076,1.134599730270945,78.57530292829428,561
4728.794825528684,3.777027735016595,263848.6098521219,0.004751544962480536,23.825976619589962,1.0885595647929913,169.59524228858942,471
66998.41995447833,19.198743458349227,18551.414146483236,0.6928529548962581,15.256284278324566,1.258380997591793,141.50463806254052,534
97313.39141458052,11.628563443441404,297775.3193836291,0.296053727808011,2.255987162354268,1.1933527789409875,203.71617563763988,562
92339.80815779747,12.722187678287328,78094.92725970989,0.5572993462144499,20.42256294143374,0.9142491251146456,133.30101286950648,578
116943.96851152995,11.203325865955343,96282.93738396809,0.07000356046084688,14.980554176054055,0.25292530540679165,140.17720224150273,550
121956.91791765003,1.7204981367253294,78554.0401111816,0.17064435938269396,6.147594033327697,0.9714101258869294,115.08820226752012,603
107332.4614960694,10.941813236131962,83922.14601812705,0.6228591700219328,26.331068162664586,1.3362359612743446,183.2664061635649,575
17214.059029422915,6.27099325353981,168035.10005057577,0.3056626271110431,8.741395749007625,0.9826028269151103,100.18313008754586,519
72303.32171264538,7.853763607556629,75744.11056961498,0.2147219425856337,8.536699063599233,1.3486583214377255,204.61356553044968,518
91304.08170816608,13.982031983742798,121162.53686311941,0.22884650080776792,8.183207453768361,1.4986268762985042,79.16369791599719,466
38343.77374379884,10.953942589482118,198403.94182074853,0.21481936472549545,23.023673312671537,0.5708432378841228,166.53738608505074,486
8297.669011722923,2.864364253349209,251627.73005542942,0.6228509494305482,21.183560111415964,1.0987700568043839,214.4200448848169,573
35091.36748965494,2.4608254952351785,209358.74257872946,0.16769121446945712,27.094370564110722,0.8329400172707327,184.80865342337293,546
69324.37145643056,4.713153912347407,180325.23921226035,0.36270635917989036,6.880176587528392,0.7097091110268401,82.88334606131235,571
63261.68722008093,4.817702931444473,48579.925949615266,0.6878868655934522,23.59093786628425,0.39780726410406864,169.81502170523473,672
28146.71323641992,13.166015139427298,245754.10245467836,0.5136710573476506,17.19136729584288,0.4065761641941,50.4693706917837,547
124013.50031715694,4.556289280910856,15996.091957946412,0.5972808707754839,9.260388289580035,0.31820981580195795,14.901453988982441,708
139001.62697303522,18.634388465495412,82936.54065441412,0.2509069794637485,1.0636239722325191,0.9656510844234651,190.14023577511935,551
31799.55121980185,5.195213212268262,21832.38049492855,0.9327148731652056,24.568426495533302,0.2559769901324994,194.11417854036807,681
139576.7915039488,2.8226289085276526,201891.54779741645,0.4138792483163356,7.23214114540069,0.6755103812347236,6.480494400827802,601
4643.421957926762,18.51492032719294,113669.46936508677,0.28696393661233455,18.952291086447584,0.8088331969446815,227.52300831492371,478
138894.44596062793,6.906551521534659,197354.3025454357,0.9043261840584723,16.466038081794377,0.6854399919240062,107.57005863033542,711
142885.46093197438,9.508452596674715,107374.13299455914,0.655289615264387,0.13348615940351638,1.289647794537179,217.36004323705802,666
3783.6757263569298,20.180527680248847,139443.51558585078,0.6139458631384505,29.83030889819287,0.6925955717010974,189.37371162913274,533
114926.85592295871,19.887384383155478,140098.49799902336,0.8867346521661681,24.42988067400386,0.17010653479823878,216.25619314628224,630
145589.83274033683,15.298337785298356,18446.292831925657,0.05854028627138441,14.594138119100462,1.4886893347003385,200.1767763149794,490
136073.52838503118,2.378779034651094,131916.82527207106,0.8376795120075803,20.410241107271492,1.2752262070373084,233.78489333125097,640
145665.10385703953,12.866802508227948,194113.98711898478,0.6778643643051009,14.297827097723179,1.0070630538386995,151.35513930491305,585
83447.87884325063,20.781558700845157,166085.41259225298,0.35999279478012935,22.337588138361923,1.146669250172481,55.314864445548004,456
13567.108703037466,19.938324568479608,27208.71105209474,0.2563513425238556,4.0298563745668226,0.23587651464452392,94.10558824518402,545
127768.80127514535,3.1200498503988574,202076.51577759092,0.10480589988155764,13.39052985702091,1.1605764514496033,180.6991404199604,552
92846.5818597337,8.919346061807373,96114.51270000197,0.94107417024669,10.0661153121858,0.35123596548253794,38.51565763393171,705
92981.03813986678,7.310734918056786,9258.266819811517,0.1419121033295362,13.789657304821045,0.7590153878822649,223.2323183467857,585
63753.53425908556,3.594562138098111,50900.68933985234,0.25943853573088427,13.514179585810925,0.30807504452021117,50.06166035731462,617
86632.61252512415,14.895966224975218,151780.09890838506,0.6911071795694699,4.2928184933758295,1.142988198281678,210.35796242492688,590
24729.80730474495,6.476967287204735,96568.48941387025,0.7101524378859926,29.294657121270873,0.406604126743048,116.61002281642249,630
111485.96393179025,7.897316062505956,209842.9890572975,0.16076870460259396,0.4647642836438415,0.41715220681295445,201.90821546075045,672
13102.561488028265,2.807177534028359,75992.77529190051,0.8141311607656276,0.3021883445219653,0.20837240654343364,230.0326716971892,738
110007.55352248122,10.959351175573312,232974.86970017475,0.5102872691763625,11.203239556009734,1.094879362597614,101.89324104609823,535
127648.80654847839,4.16335727304113,89510.76851122407,0.8484566781151089,18.611290480404527,0.47897471463227287,167.48848527937895,673
71925.36427954426,9.641808471589783,188154.79373740262,0.08728538984754453,5.389596804447847,0.8015060191428527,55.18550721483507,510
77454.8941764433,3.86684444206603,240768.83217409815,0.042829999093689675,15.99582011712483,0.5317531581822069,192.3877862861707,606
48207.71239246758,20.076997799002914,118739.05794990592,0.6369903814943497,21.683159038904368,1.1733168252922384,196.96223017866268,519
145479.87039138697,3.899650663942852,18807.457835563786,0.15002379710981684,2.821818271204534,0.37840130191630184,71.56372326383826,611
110502.42223481271,11.437743077012664,162956.42871236987,0.5249490457332999,29.532672240478,1.414210025067268,6.769642230494876,460
56610.305888451054,4.9395965063797505,298645.67315562756,0.01410875928450872,10.101019432178829,0.5159429635900761,104.05805517537809,513
27871.49316248475,2.5272360694521847,290852.6005811895,0.7799292605482002,19.27246241361747,0.20058485087158845,41.63012768460567,671
34497.77964590952,5.046172376841963,70201.54721352961,0.8995301701785016,3.3215957455972713,0.398442587581652,196.63370818426066,726
70660.4983442874,2.0954821478087218,227930.47028015446,0.838882761964288,21.28459166163979,0.15721434714740404,63.402249446100335,728
141500.123246522,3.7879476624197763,106760.79038691946,0.9583528131504183,25.21369041187458,0.729671159939016,226.54257741862,718
110653.65917261588,10.86968315526434,52280.38165401199,0.9030957546587897,3.158554269918671,0.4128642700490299,233.2623416973765,759
33856.07473051417,14.036310421151484,201444.8366777355,0.44401801829036525,3.7758946311019868,1.3347667644450707,218.21178585284028,543
129215.04774599691,2.746796301435669,152756.27521039685,0.3983482084436466,8.43142243161683,0.7998364993192123,144.30786017177564,610
57973.677405432805,9.82037247808537,164073.0145084248,0.896183667971543,0.3580744612598785,0.3883842506574651,64.9152929526339,676
128054.88304737276,12.624940457067039,249080.835359475,0.926938795357227,29.581538830116894,0.704341978362165,193.93476114509556,610
37771.54050120738,5.68451352422123,104280.38438678981,0.972835948318037,17.95152224857949,0.33419169460361525,168.68129610871543,717
93561.77056657501,8.441568230320508,201792.95406892058,0.7683172348427827,18.227683498906366,0.3091575950911317,234.5432349450127,681
139147.23223602973,2.436697394672173,113026.48275397446,0.20198882994138034,28.76886508954908,0.48595188169349374,91.16322974858099,583
40168.313353873535,5.402621604661898,17603.54949122661,0.9449541361107224,24.960877629582814,0.2070371239149728,15.04555180108511,653
104553.13540670653,10.335058518378801,116514.45666422293,0.9471414668162196,24.427287929050483,0.3235389285207914,239.61433259250816,691
148122.26775365727,20.808843578506444,285260.1666452197,0.6661313639129715,10.18507109704877,1.4101679658433617,201.34500982589125,547
24288.54651196452,20.925301258782667,147562.43221608302,0.8572802663494847,10.045901803939364,1.0168638203113198,53.93603550335323,560
15083.539023699812,20.592433622485757,36927.97886687611,0.5611764211639523,8.752138794379405,1.3855988620130353,174.42505995001727,501
101780.8884818328,9.46172772600655,207908.91466598664,0.9441269454117227,10.400872853289597,0.4224280651282864,1.1649518404819892,696
52280.9202668565,2.6136075682933004,289196.9081669638,0.09393639659209119,11.085262840795517,1.2926693369113396,134.31636483417574,493
12544.182650255485,7.47146874498667,272843.84773055586,0.8639636964847707,4.2001106694178,0.5752955699382767,87.7183395993892,677
72345.23144677341,5.754287507419546,173728.44715340092,0.055503629037139346,10.678435881062807,0.2590827226276042,92.13859685579283,603
113558.06058730544,1.2825314981970917,116002.81958281671,0.3391070522180205,13.402411057341828,1.2168252950060854,59.440233675126116,565
44198.115261447936,2.904672205767508,176299.9122102259,0.13532564261526192,9.280420162399757,0.13649269120098773,66.68800653636923,605
51586.93787075994,10.063838700981321,245699.6633487786,0.4791350924629122,4.9604090447264335,0.6370366164557011,109.66581066162011,615
127163.51129575187,7.793249276085939,259065.015895444,0.23224615799246995,11.202311945354928,1.238006269341883,60.30666347918836,566
78970.64301470024,4.607074432689661,246558.94605802014,0.9520723793339971,14.427233196493075,0.9449181418974385,112.47914730179566,672
